"start_year";"ags_federal_state";"n";"mean";"sum"
1900;"03";3;376,666666666667;1130
1900;"05";2;336,804;673,608
1900;"07";2;150;300
1900;"08";26;158,105;4110,73
1900;"09";22;75,2613636363636;1655,75
1900;"10";1;7,6;7,6
1900;"14";1;220;220
1901;"08";3;251,666666666667;755
1901;"09";7;1443,57142857143;10105
1903;"08";1;11;11
1903;"09";2;44,2;88,4
1904;"09";3;195,666666666667;587
1904;"14";1;3;3
1905;"05";1;288;288
1905;"08";1;4,9;4,9
1905;"09";4;118,0875;472,35
1906;"06";1;70;70
1906;"07";1;95;95
1906;"08";1;95,5;95,5
1906;"09";4;172;688
1907;"08";4;312,5;1250
1907;"09";10;620,5;6205
1907;"16";1;280;280
1908;"06";2;212,5;425
1908;"08";5;1107,392;5536,96
1908;"09";2;72,5;145
1909;"03";2;150;300
1909;"08";7;892,634285714286;6248,44
1909;"09";6;22,345;134,07
1910;"01";1;145;145
1910;"03";1;170;170
1910;"06";1;15,2;15,2
1910;"08";7;52,2514285714286;365,76
1910;"09";13;823,4;10704,2
1910;"14";1;70;70
1911;"05";2;9;18
1911;"08";6;66,8433333333333;401,06
1911;"09";3;40,3333333333333;121
1911;"14";1;4,9;4,9
1912;"01";1;6;6
1912;"03";1;8,085;8,085
1912;"05";1;3,84;3,84
1912;"06";1;14,24;14,24
1912;"07";3;7,16666666666667;21,5
1912;"08";9;39,5788888888889;356,21
1912;"09";6;17,06;102,36
1912;"10";1;4,37;4,37
1912;"12";1;4,578;4,578
1913;"05";3;62,4866666666667;187,46
1913;"08";2;10,5;21
1913;"09";5;69,25;346,25
1913;"16";1;4,6;4,6
1914;"01";2;3,55;7,1
1914;"03";2;3,25;6,5
1914;"05";1;7;7
1914;"06";1;6,75;6,75
1914;"08";1;8;8
1914;"09";1;16;16
1915;"06";1;1,8;1,8
1915;"07";1;22;22
1915;"09";2;32,09;64,18
1915;"11";1;9;9
1915;"15";1;6,12;6,12
1916;"03";1;4,94;4,94
1916;"08";4;7,5675;30,27
1916;"09";1;9,88;9,88
1916;"14";1;3;3
1916;"15";1;2,6;2,6
1917;"01";1;5;5
1917;"05";2;4,665;9,33
1917;"08";3;4,34533333333333;13,036
1917;"09";2;13,5;27
1918;"01";1;5;5
1918;"03";2;2,925;5,85
1918;"06";2;14,495;28,99
1918;"07";1;6;6
1918;"08";4;3,5125;14,05
1918;"09";2;7,64;15,28
1919;"05";1;36;36
1919;"07";1;9,9;9,9
1919;"08";7;57,7062857142857;403,944
1919;"09";3;198;594
1920;"06";2;5,15;10,3
1920;"08";2;150;300
1920;"09";9;2098,05333333333;18882,48
1921;"05";3;600;1800
1921;"06";2;2400;4800
1921;"08";1;60;60
1921;"09";5;69,16;345,8
1922;"03";1;25;25
1922;"05";1;400;400
1922;"08";4;104,75;419
1922;"09";11;1271,72727272727;13989
1923;"05";4;170,5;682
1923;"08";5;606,4;3032
1923;"09";5;99,4;497
1924;"01";2;1050;2100
1924;"08";5;2943;14715
1924;"09";7;524,714285714286;3673
1924;"16";1;30;30
1925;"05";3;650;1950
1925;"06";2;120;240
1925;"08";1;660;660
1925;"09";6;40,3333333333333;242
1926;"08";5;723;3615
1926;"09";4;107,9475;431,79
1927;"05";3;400;1200
1927;"08";5;237,4;1187
1927;"09";3;25,6666666666667;77
1928;"03";2;62,5;125
1928;"05";1;176;176
1928;"06";1;200;200
1928;"08";3;137,333333333333;412
1928;"09";3;83;249
1929;"08";1;45;45
1929;"09";4;21,125;84,5
1930;"08";3;9456,66666666667;28370
1930;"09";3;26,7;80,1
1931;"08";2;28150;56300
1931;"09";2;35;70
1932;"03";2;685;1370
1932;"08";3;55,6666666666667;167
1932;"09";3;39;117
1933;"07";1;230;230
1933;"09";3;228;684
1934;"03";1;4700;4700
1934;"05";1;110;110
1934;"08";1;27;27
1934;"09";2;31,5;63
1935;"09";4;127;508
1936;"08";6;760;4560
1936;"09";4;95,5;382
1937;"08";2;120;240
1937;"09";1;220;220
1938;"03";3;540;1620
1938;"08";1;70;70
1938;"09";7;889,714285714286;6228
1938;"14";1;413;413
1939;"08";3;32,1666666666667;96,5
1939;"09";2;54,5;109
1940;"08";3;49,3333333333333;148
1940;"09";2;189;378
1941;"03";3;26333,3333333333;79000
1941;"08";1;1,05;1,05
1941;"09";2;68,875;137,75
1942;"09";4;327,25;1309
1943;"06";1;320;320
1943;"09";3;1186,66666666667;3560
1944;"08";1;65;65
1944;"09";4;1115;4460
1945;"09";1;9;9
1946;"03";2;110;220
1946;"06";1;15;15
1946;"09";3;170,793333333333;512,38
1947;"08";1;34;34
1947;"09";1;34;34
1948;"03";1;150;150
1948;"09";8;439,9375;3519,5
1949;"05";1;2025;2025
1949;"06";1;120;120
1949;"08";4;86,875;347,5
1949;"09";5;26,672;133,36
1950;"05";1;1;1
1950;"08";5;19,744;98,72
1950;"09";18;117,777777777778;2120
1951;"05";1;12000;12000
1951;"08";1;2,5;2,5
1951;"09";5;282,96;1414,8
1952;"05";1;63;63
1952;"09";6;1688,5;10131
1953;"01";1;1,484;1,484
1953;"03";1;30,36;30,36
1953;"06";1;200;200
1953;"08";2;4015;8030
1953;"09";1;33;33
1954;"05";1;10000;10000
1954;"08";6;21,2933333333333;127,76
1954;"09";10;1309,05;13090,5
1954;"10";1;27,6;27,6
1954;"12";1;67400;67400
1955;"04";1;30;30
1955;"05";2;602,25;1204,5
1955;"08";2;65;130
1955;"09";17;635,606470588235;10805,31
1956;"03";1;11;11
1956;"06";1;240;240
1956;"08";5;210;1050
1956;"09";11;849,363636363636;9343
1957;"03";3;1403,33333333333;4210
1957;"06";1;205;205
1957;"08";1;270;270
1957;"09";6;19,75;118,5
1958;"03";1;4,1;4,1
1958;"05";2;5,7;11,4
1958;"08";1;130;130
1958;"09";13;39,4276923076923;512,56
1959;"05";1;6,3;6,3
1959;"07";1;6;6
1959;"09";19;182,315789473684;3464
1960;"05";2;29,45;58,9
1960;"06";1;30;30
1960;"08";10;1562,717;15627,17
1960;"09";25;2040,3488;51008,72
1961;"01";1;44310;44310
1961;"03";1;260;260
1961;"09";18;986,5;17757
1962;"05";1;90000;90000
1962;"06";1;3,8;3,8
1962;"08";3;22,6666666666667;68
1962;"09";18;861,686666666667;15510,36
1963;"03";1;40;40
1963;"05";2;16,601;33,202
1963;"06";2;7,4;14,8
1963;"08";2;7601,5;15203
1963;"09";13;632,268461538462;8219,49
1964;"05";1;1120;1120
1964;"06";2;375;750
1964;"07";1;45;45
1964;"08";1;3;3
1964;"09";12;2110,75;25329
1964;"11";1;9500;9500
1964;"14";1;800;800
1965;"05";8;3768,016;30144,128
1965;"06";2;4,85;9,7
1965;"07";1;7,5;7,5
1965;"08";2;2812,5;5625
1965;"09";11;960,740909090909;10568,15
1965;"12";1;987,5;987,5
1966;"03";3;286;858
1966;"05";1;2,51;2,51
1966;"06";2;127,5;255
1966;"08";2;143,15;286,3
1966;"09";3;40;120
1967;"05";3;469,933333333333;1409,8
1967;"06";2;3375;6750
1967;"08";3;18,5166666666667;55,55
1967;"09";9;82,7777777777778;745
1968;"05";1;320;320
1968;"08";3;252,333333333333;757
1968;"09";3;37,6666666666667;113
1968;"13";1;4;4
1968;"16";1;500;500
1969;"01";1;20;20
1969;"05";2;69000;138000
1969;"07";1;5;5
1969;"08";3;55,8666666666667;167,6
1969;"09";5;41;205
1969;"14";1;60;60
1970;"03";4;805,5;3222
1970;"06";2;700;1400
1970;"08";2;74;148
1970;"09";5;971,1;4855,5
1971;"05";2;465;930
1971;"06";2;108,25;216,5
1971;"08";3;10898,6666666667;32696
1971;"09";5;443,06;2215,3
1972;"03";3;244;732
1972;"06";1;238,5;238,5
1972;"08";5;61,7;308,5
1972;"09";2;103;206
1972;"10";1;275;275
1972;"15";1;306;306
1973;"03";1;180;180
1973;"05";3;480;1440
1973;"07";1;206;206
1973;"08";3;197,5;592,5
1973;"09";5;24,45;122,25
1974;"05";1;40200;40200
1974;"07";1;38;38
1974;"08";4;269,75;1079
1974;"09";5;9,2;46
1975;"03";1;212;212
1975;"05";6;40029,3333333333;240176
1975;"09";6;94,9333333333333;569,6
1976;"03";1;22;22
1976;"05";5;13565,6;67828
1976;"08";3;185,8;557,4
1976;"09";4;5378,62625;21514,505
1977;"05";3;483,333333333333;1450
1977;"06";1;13,4;13,4
1977;"08";2;30,5;61
1977;"09";4;64,25;257
1978;"05";1;5;5
1978;"08";4;1036,5;4146
1978;"09";3;233,666666666667;701
1978;"14";1;5,4;5,4
1979;"03";4;577,25;2309
1979;"05";2;24;48
1979;"07";1;6,72;6,72
1979;"08";2;277,15;554,3
1979;"09";7;160,774285714286;1125,42
1979;"14";1;500000;500000
1979;"15";1;80;80
1980;"01";1;608;608
1980;"03";1;217;217
1980;"05";1;800;800
1980;"06";3;76;228
1980;"08";8;5339,375;42715
1980;"09";12;23272,1666666667;279266
1980;"14";1;500000;500000
1981;"01";1;9,9;9,9
1981;"03";3;223,666666666667;671
1981;"04";1;950;950
1981;"05";7;40111,4285714286;280780
1981;"06";1;3500;3500
1981;"07";1;70;70
1981;"08";5;3831,176;19155,88
1981;"09";8;1050,875;8407
1981;"12";1;500000;500000
1982;"05";4;1271,75;5087
1982;"06";8;300,7515;2406,012
1982;"07";3;1236,66666666667;3710
1982;"08";4;174,3;697,2
1982;"09";15;7100,48;106507,2
1982;"10";1;2,5;2,5
1982;"12";1;500000;500000
1983;"02";1;370;370
1983;"03";1;2;2
1983;"04";1;300;300
1983;"05";4;7150;28600
1983;"06";2;76,5;153
1983;"08";5;131,88;659,4
1983;"09";15;940,736666666667;14111,05
1984;"01";3;1977,66666666667;5933
1984;"03";3;46685,8333333333;140057,5
1984;"05";4;7732,625;30930,5
1984;"06";7;180,028571428571;1260,2
1984;"07";1;3806;3806
1984;"08";9;282,888888888889;2546
1984;"09";15;7463,53333333333;111953
1984;"10";1;280;280
1984;"12";1;500000;500000
1984;"14";3;50,3333333333333;151
1984;"15";1;165;165
1985;"03";2;70129;140258
1985;"06";7;597,535714285714;4182,75
1985;"07";1;320;320
1985;"08";2;52;104
1985;"09";3;297,666666666667;893
1985;"12";1;500000;500000
1986;"05";1;406;406
1986;"06";2;79;158
1986;"07";3;258;774
1986;"08";4;158;632
1986;"09";9;260,222222222222;2342
1987;"02";1;120;120
1987;"03";6;627,666666666667;3766
1987;"05";8;110046,62125;880372,97
1987;"06";3;42,8333333333333;128,5
1987;"07";2;682;1364
1987;"08";5;96,6;483
1987;"09";7;178,285714285714;1248
1987;"12";5;128483,2;642416
1988;"03";2;6;12
1988;"05";8;46465,575;371724,6
1988;"06";3;245,3;735,9
1988;"07";1;12070;12070
1988;"08";1;80;80
1988;"09";13;479,769230769231;6237
1988;"10";1;53000;53000
1988;"14";1;58200;58200
1989;"01";3;135,333333333333;406
1989;"03";2;23,5;47
1989;"05";14;2995,65671428571;41939,194
1989;"06";2;203,75;407,5
1989;"07";6;410;2460
1989;"08";7;300,714285714286;2105
1989;"09";13;556,846153846154;7239
1989;"12";3;179546,666666667;538640
1990;"01";2;42,75;85,5
1990;"02";2;900;1800
1990;"03";9;93,6133333333333;842,52
1990;"05";5;204,4;1022
1990;"06";15;8834,09866666667;132511,48
1990;"07";4;234,825;939,3
1990;"08";14;2818,0525;39452,735
1990;"09";16;1729;27664
1990;"14";1;93100;93100
1991;"01";4;162,25;649
1991;"02";2;0,725;1,45
1991;"03";19;236,135789473684;4486,58
1991;"05";11;190,1;2091,1
1991;"06";16;258,009375;4128,15
1991;"07";16;874,705625;13995,29
1991;"08";11;143,172727272727;1574,9
1991;"09";21;16887,2027619048;354631,258
1991;"10";1;0,75;0,75
1992;"01";5;181,18;905,9
1992;"02";1;3,678;3,678
1992;"03";21;117,862857142857;2475,12
1992;"04";5;1,47;7,35
1992;"05";21;75,1105238095238;1577,321
1992;"06";20;39,11915;782,383
1992;"07";12;55,4666666666667;665,6
1992;"08";27;290,826222222222;7852,308
1992;"09";23;672,959304347826;15478,064
1992;"11";2;1,6;3,2
1992;"12";2;4,15;8,3
1992;"13";1;3,16;3,16
1992;"14";8;181,3825;1451,06
1992;"15";1;5;5
1992;"16";4;81,575;326,3
1993;"01";15;118,444666666667;1776,67
1993;"02";1;1,696;1,696
1993;"03";15;128,9228;1933,842
1993;"04";3;2,99666666666667;8,99
1993;"05";24;141,16475;3387,954
1993;"06";17;66,2328235294118;1125,958
1993;"07";9;100,798888888889;907,19
1993;"08";27;237,166185185185;6403,487
1993;"09";29;393,141724137931;11401,11
1993;"10";4;2,35;9,4
1993;"11";1;3,5;3,5
1993;"12";10;234,447;2344,47
1993;"13";7;47,7857142857143;334,5
1993;"14";18;112,226111111111;2020,07
1993;"15";11;321,181818181818;3533
1993;"16";9;3582,19;32239,71
1994;"01";15;386,977333333333;5804,66
1994;"02";1;2,5;2,5
1994;"03";45;1656,95173333333;74562,828
1994;"04";5;248,744;1243,72
1994;"05";27;930,995592592593;25136,881
1994;"06";9;12436,1444444444;111925,3
1994;"07";18;296,241666666667;5332,35
1994;"08";19;73,1284210526316;1389,44
1994;"09";26;445,421153846154;11580,95
1994;"11";2;1302,53;2605,06
1994;"12";4;44647,5;178590
1994;"13";11;6390,36818181818;70294,05
1994;"14";17;216,423529411765;3679,2
1994;"15";8;30,100375;240,803
1994;"16";11;130,995454545455;1440,95
1995;"01";36;629,394444444444;22658,2
1995;"02";4;459,227;1836,908
1995;"03";38;536,1;20371,8
1995;"05";40;170,158025;6806,321
1995;"06";19;489,210526315789;9295
1995;"07";13;760,993076923077;9892,91
1995;"08";29;3457,74172413793;100274,51
1995;"09";33;254,004242424242;8382,14
1995;"11";3;101,666666666667;305
1995;"13";14;815,642857142857;11419
1995;"14";13;322,088461538462;4187,15
1995;"15";4;258,25;1033
1995;"16";11;1015,04545454545;11165,5
1996;"01";9;289,744444444444;2607,7
1996;"02";6;300,938333333333;1805,63
1996;"03";40;537,87705;21515,082
1996;"05";117;1016,09645299145;118883,285
1996;"06";15;176,351333333333;2645,27
1996;"07";21;343,711904761905;7217,95
1996;"08";54;127,769444444444;6899,55
1996;"09";62;529,002080645161;32798,129
1996;"10";2;3,8;7,6
1996;"11";6;1229,50666666667;7377,04
1996;"12";7;6234,28571428571;43640
1996;"13";11;1630,27272727273;17933
1996;"14";20;354,2375;7084,75
1996;"15";9;4744,77844444444;42703,006
1996;"16";8;734,6625;5877,3
1997;"01";8;328,7375;2629,9
1997;"02";21;49,4085714285714;1037,58
1997;"03";36;448,926388888889;16161,35
1997;"05";137;85,2017737226277;11672,643
1997;"06";37;343,102162162162;12694,78
1997;"07";20;265,1611;5303,222
1997;"08";41;80,9309756097561;3318,17
1997;"09";83;57,8295421686747;4799,852
1997;"10";8;3,0625;24,5
1997;"11";5;556,5;2782,5
1997;"12";9;84795,4444444444;763159
1997;"13";13;421,307692307692;5477
1997;"14";20;526,78975;10535,795
1997;"15";13;8136,69230769231;105777
1997;"16";13;352,847692307692;4587,02
1998;"01";23;423,433652173913;9738,974
1998;"02";6;292,575;1755,45
1998;"03";30;3081,23333333333;92437
1998;"04";3;180,000333333333;540,001
1998;"05";176;427,507642045455;75241,345
1998;"06";44;368,994090909091;16235,74
1998;"07";23;416,486086956522;9579,18
1998;"08";63;76,7380952380952;4834,5
1998;"09";98;183,24762244898;17958,267
1998;"10";10;2,539;25,39
1998;"11";1;216;216
1998;"12";24;42419,33;1018063,92
1998;"13";31;625,516129032258;19391
1998;"14";13;376,8;4898,4
1998;"15";15;511,736666666667;7676,05
1998;"16";6;956,166666666667;5737
1999;"01";42;592,833095238095;24898,99
1999;"02";6;39,1;234,6
1999;"03";75;577,365493333333;43302,412
1999;"04";9;1,90888888888889;17,18
1999;"05";156;207,538935897436;32376,074
1999;"06";54;2339,70527777778;126344,085
1999;"07";30;796,8704;23906,112
1999;"08";100;110,9895;11098,95
1999;"09";214;99,6263971962617;21320,049
1999;"10";19;9,37105263157895;178,05
1999;"11";10;172,9724;1729,724
1999;"12";49;1901,98571428571;93197,3
1999;"13";58;754,775862068965;43777
1999;"14";37;655,33027027027;24247,22
1999;"15";52;1035,19288461538;53830,03
1999;"16";15;5579,40933333333;83691,14
2000;"01";60;417,030433333333;25021,826
2000;"02";8;688,35;5506,8
2000;"03";227;511,421995594714;116092,793
2000;"04";7;44,8634285714286;314,044
2000;"05";387;182,426284237726;70598,972
2000;"06";153;161,15368627451;24656,514
2000;"07";76;526,837644736842;40039,661
2000;"08";407;45,5973685503686;18558,129
2000;"09";576;35,3861805555556;20382,44
2000;"10";30;22,5805;677,415
2000;"11";4;37,925;151,7
2000;"12";50;763,7504;38187,52
2000;"13";31;998,088709677419;30940,75
2000;"14";33;53273,296969697;1758018,8
2000;"15";68;1013,08014705882;68889,45
2000;"16";32;566,825;18138,4
2001;"01";144;766,939444444444;110439,28
2001;"02";5;241,84;1209,2
2001;"03";494;396,973544534413;196104,931
2001;"04";16;34,3975;550,36
2001;"05";636;213,154160377358;135566,046
2001;"06";320;21,099553125;6751,857
2001;"07";144;131,766555555556;18974,384
2001;"08";1389;25,6526486681066;35631,529
2001;"09";1349;32,1778369162342;43407,902
2001;"10";56;62,9185714285714;3523,44
2001;"11";13;27,1784615384615;353,32
2001;"12";60;1047,39266666667;62843,56
2001;"13";70;989,125485714286;69238,784
2001;"14";67;547,351492537313;36672,55
2001;"15";115;978,164173913043;112488,88
2001;"16";70;104,539028571429;7317,732
2002;"01";67;540,944029850746;36243,25
2002;"02";3;109,356666666667;328,07
2002;"03";383;690,175796344648;264337,33
2002;"04";19;668,260631578947;12696,952
2002;"05";561;326,062377896613;182920,994
2002;"06";238;106,836907563025;25427,184
2002;"07";110;210,260954545455;23128,705
2002;"08";1218;38,6533472906404;47079,777
2002;"09";1166;37,7379528301887;44002,453
2002;"10";27;845,687777777778;22833,57
2002;"11";11;571,886363636364;6290,75
2002;"12";94;1412,84315957447;132807,257
2002;"13";28;820,689285714286;22979,3
2002;"14";72;820,393333333333;59068,32
2002;"15";116;1222,96875;141864,375
2002;"16";61;555,562786885246;33889,33
2003;"01";72;652,764444444444;46999,04
2003;"02";5;104,964;524,82
2003;"03";322;387,951428571429;124920,36
2003;"04";10;3,9714;39,714
2003;"05";575;261,155062608696;150164,161
2003;"06";272;45,6807720588235;12425,17
2003;"07";152;207,979006578947;31612,809
2003;"08";1552;32,0660231958763;49766,468
2003;"09";1345;25,3468780669145;34091,551
2003;"10";21;602,378333333333;12649,945
2003;"11";7;234,794285714286;1643,56
2003;"12";101;1360,7895049505;137439,74
2003;"13";43;1079,49293023256;46418,196
2003;"14";62;553,739112903226;34331,825
2003;"15";78;1263,16673076923;98527,005
2003;"16";59;583,232186440678;34410,699
2004;"01";248;103,241883064516;25603,987
2004;"02";8;150,355;1202,84
2004;"03";843;219,274966785291;184848,797
2004;"04";19;312,691157894737;5941,132
2004;"05";1616;197,003886138614;318358,28
2004;"06";689;67,1297764876633;46252,416
2004;"07";409;156,266459657702;63912,982
2004;"08";2867;46,2570561562609;132618,98
2004;"09";3415;153,48963250366;524167,095
2004;"10";80;350,093625;28007,49
2004;"11";17;13,5794117647059;230,85
2004;"12";95;872,977242105263;82932,838
2004;"13";55;253,962454545455;13967,935
2004;"14";121;250,962545454545;30366,468
2004;"15";93;565,782430107527;52617,766
2004;"16";77;117,430909090909;9042,18
2005;"01";406;99,1663669950739;40261,545
2005;"02";9;6,23111111111111;56,08
2005;"03";1193;159,519910310143;190307,253
2005;"04";23;80,1497826086956;1843,445
2005;"05";2085;200,054662829736;417113,972
2005;"06";1259;103,597815726767;130429,65
2005;"07";725;112,492449655172;81557,026
2005;"08";3842;50,4388282144716;193785,978
2005;"09";4383;42,74370727812;187345,669
2005;"10";137;571,456605839416;78289,555
2005;"11";15;80,5686666666667;1208,53
2005;"12";165;587,2244;96892,026
2005;"13";107;323,485140186916;34612,91
2005;"14";240;147,901470833333;35496,353
2005;"15";111;703,29381981982;78065,614
2005;"16";128;154,516375;19778,096
2006;"01";501;206,200371257485;103306,386
2006;"02";11;327,914090909091;3607,055
2006;"03";1445;152,661690657439;220596,143
2006;"04";33;426,357757575758;14069,806
2006;"05";2152;58,5388183085502;125975,537
2006;"06";1421;103,688054890922;147340,726
2006;"07";973;63,4207163412127;61708,357
2006;"08";3656;26,3971258205689;96507,892
2006;"09";3186;46,5412181418707;148280,321
2006;"10";183;7,45029508196721;1363,404
2006;"11";21;9,65238095238095;202,7
2006;"12";229;567,786694323144;130023,153
2006;"13";112;602,292642857143;67456,776
2006;"14";225;137,444311111111;30924,97
2006;"15";220;725,344977272727;159575,895
2006;"16";192;159,418447916667;30608,342
2007;"01";618;112,543644012945;69551,972
2007;"02";22;4,80590909090909;105,73
2007;"03";1395;117,784406451613;164309,247
2007;"04";24;130,78375;3138,81
2007;"05";2829;482,755285613291;1365714,703
2007;"06";1705;24,1016263929619;41093,273
2007;"07";1086;58,6983443830571;63746,402
2007;"08";4623;39,8186532554618;184081,634
2007;"09";3874;42,6304829633454;165150,491
2007;"10";316;79,5069272151899;25124,189
2007;"11";33;137,180909090909;4526,97
2007;"12";353;182,278107648725;64344,172
2007;"13";181;282,926364640884;51209,672
2007;"14";322;107,820680124224;34718,259
2007;"15";213;261,641234741784;55729,583
2007;"16";211;132,384165876777;27933,059
2008;"01";809;47,1382484548826;38134,843
2008;"02";12;11,2758333333333;135,31
2008;"03";1692;76,1623829787234;128866,752
2008;"04";33;313,441666666667;10343,575
2008;"05";3991;51,581653720872;205862,38
2008;"06";2297;43,926568567697;100899,328
2008;"07";1459;53,9578732008225;78724,537
2008;"08";6502;60,8378891110428;395567,955
2008;"09";5955;43,9848654911839;261929,874
2008;"10";771;25,305215304799;19510,321
2008;"11";37;76,3991891891892;2826,77
2008;"12";367;74,3342397820164;27280,666
2008;"13";173;125,810063583815;21765,141
2008;"14";495;61,5235313131313;30454,148
2008;"15";282;129,022322695035;36384,295
2008;"16";360;96,8182166666667;34854,558
2009;"01";1605;108,46928411215;174093,201
2009;"02";34;29,6175;1006,995
2009;"03";3762;80,4172296650718;302529,618
2009;"04";53;107,464433962264;5695,615
2009;"05";6884;52,1953592388146;359312,853
2009;"06";3230;47,9411705882353;154849,981
2009;"07";2117;57,8957817666509;122565,37
2009;"08";9219;64,8535008135373;597884,424
2009;"09";11812;41,5639718083305;490953,635
2009;"10";860;50,3298395348837;43283,662
2009;"11";85;37,3743529411765;3176,82
2009;"12";759;439,231532279315;333376,733
2009;"13";267;264,954805243446;70742,933
2009;"14";719;90,5916536856745;65135,399
2009;"15";514;194,679529182879;100065,278
2009;"16";543;78,7079889502762;42738,438
2010;"01";2374;145,696148272957;345882,656
2010;"02";43;143,88023255814;6186,85
2010;"03";6051;166,57596165923;1007951,144
2010;"04";121;119,888305785124;14506,485
2010;"05";10206;38,6924594356261;394895,241
2010;"06";4258;46,974950915923;200019,341
2010;"07";2823;69,1184767977329;195121,46
2010;"08";11092;51,0763589974757;566538,974
2010;"09";13402;46,5472955529026;623826,855
2010;"10";1013;21,0869634748272;21361,094
2010;"11";123;191,592154471545;23565,835
2010;"12";883;172,277490373726;152121,024
2010;"13";428;184,568137850467;78995,163
2010;"14";976;95,7053596311475;93408,431
2010;"15";716;128,598303072626;92076,385
2010;"16";715;99,0734461538461;70837,514
2011;"01";2507;143,293746310331;359237,422
2011;"02";82;120,023792682927;9841,951
2011;"03";5924;102,432630823768;606810,905
2011;"04";126;129,819682539683;16357,28
2011;"05";10521;55,1395833095713;580123,556
2011;"06";4481;54,0853920999777;242356,642
2011;"07";3370;80,9361364985163;272754,78
2011;"08";9911;63,0007122389264;624400,059
2011;"09";14023;60,1431490408614;843387,379
2011;"10";1073;46,7928723205965;50208,752
2011;"11";114;52,4008859649123;5973,701
2011;"12";936;376,135254273504;352062,598
2011;"13";631;253,38312836767;159884,754
2011;"14";1043;138,653015340364;144615,095
2011;"15";837;259,997642771804;217618,027
2011;"16";904;134,296202433628;121403,767
2012;"01";1687;240,524213396562;405764,348
2012;"02";61;52,8166885245902;3221,818
2012;"03";3782;114,279678212586;432205,743
2012;"04";107;125,500607476636;13428,565
2012;"05";7384;44,0632344257855;325362,923
2012;"06";3110;115,228547266881;358360,782
2012;"07";2402;124,398584096586;298805,399
2012;"08";6700;51,020026119403;341834,175
2012;"09";8729;52,1935209073204;455597,244
2012;"10";675;52,7901896296296;35633,378
2012;"11";110;49,2769;5420,459
2012;"12";719;710,466244784423;510825,23
2012;"13";495;399,435842424242;197720,742
2012;"14";824;1021,30207160194;841552,907
2012;"15";756;497,058546296296;375776,261
2012;"16";662;245,373386706949;162437,182
2013;"01";953;266,349317943337;253830,9
2013;"02";76;103,459921052632;7862,954
2013;"03";2634;155,182399392559;408750,44
2013;"04";83;37,7420240963855;3132,588
2013;"05";5600;191,782564464286;1073982,361
2013;"06";2519;129,771871774514;326895,345
2013;"07";1722;231,920885598142;399367,765
2013;"08";4975;71,6964172864322;356689,676
2013;"09";5899;64,9146418036955;382931,472
2013;"10";447;102,003123042506;45595,396
2013;"11";84;63,4786904761905;5332,21
2013;"12";635;388,411217322835;246641,123
2013;"13";416;918,896795673077;382261,067
2013;"14";670;137,600459701493;92192,308
2013;"15";585;304,368276923077;178055,442
2013;"16";632;221,397259493671;139923,068
2014;"01";869;904,977421173763;786425,379
2014;"02";65;297,307430769231;19324,983
2014;"03";1862;212,876074113856;396375,25
2014;"04";70;196,850571428571;13779,54
2014;"05";3758;89,9206450239489;337921,784
2014;"06";1692;99,4285147754137;168233,047
2014;"07";1039;278,372043310876;289228,553
2014;"08";3466;88,2838770917484;305991,918
2014;"09";4224;111,58543655303;471336,884
2014;"10";254;158,300582677165;40208,348
2014;"11";106;41,9365094339623;4445,27
2014;"12";446;566,035215246637;252451,706
2014;"13";254;713,921799212598;181336,137
2014;"14";548;123,05846350365;67436,038
2014;"15";472;524,357997881356;247496,975
2014;"16";440;378,705702272727;166630,509
2014;NA;22;3780;83160
2015;"01";585;770,255899145299;450599,701
2015;"02";79;157,598987341772;12450,32
2015;"03";1331;182,637900075131;243091,045
2015;"04";50;178,4116;8920,58
2015;"05";2903;110,019058215639;319385,326
2015;"06";1192;110,514116610738;131732,827
2015;"07";822;139,050476885645;114299,492
2015;"08";2696;64,2576576409496;173238,645
2015;"09";3047;90,2077443386938;274862,997
2015;"10";164;95,2090487804878;15614,284
2015;"11";76;46,3018421052632;3518,94
2015;"12";299;529,351488294314;158276,095
2015;"13";166;604,744879518072;100387,65
2015;"14";459;132,843779956427;60975,295
2015;"15";312;438,645794871795;136857,488
2015;"16";324;214,468796296296;69487,89
2015;NA;349;3844,24068767908;1341640
2016;"01";609;640,951973727422;390339,752
2016;"02";86;136,781802325581;11763,235
2016;"03";1652;288,67033716707;476883,397
2016;"04";62;18,260064516129;1132,124
2016;"05";3285;117,706682800609;386666,453
2016;"06";1495;149,746282943144;223870,693
2016;"07";980;129,013366326531;126433,099
2016;"08";3554;98,7121406865504;350822,948
2016;"09";3857;93,9037350272232;362186,706
2016;"10";238;214,429361344538;51034,188
2016;"11";113;80,6834690265487;9117,232
2016;"12";514;675,941159533074;347433,756
2016;"13";206;758,87032038835;156327,286
2016;"14";491;134,537570264766;66057,947
2016;"15";366;329,810704918033;120710,718
2016;"16";351;337,185236467236;118352,018
2016;NA;103;5081,70873786408;523416
2017;"01";911;564,498770581778;514258,38
2017;"02";141;327,03365248227;46111,745
2017;"03";2713;334,982136748986;908806,537
2017;"04";53;75,1135849056604;3981,02
2017;"05";4958;170,911282977007;847378,141
2017;"06";2308;162,589518630849;375256,609
2017;"07";1529;116,574226945716;178241,993
2017;"08";5207;71,6170178605723;372909,812
2017;"09";6256;89,5968796355499;560518,079
2017;"10";273;321,221498168498;87693,469
2017;"11";233;52,0376180257511;12124,765
2017;"12";722;753,549656509695;544062,852
2017;"13";313;593,081054313099;185634,37
2017;"14";805;94,6384745341615;76183,972
2017;"15";562;411,587147686833;231311,977
2017;"16";545;255,952706422018;139494,225
2017;NA;68;5775;392700
2018;"01";1113;368,459870619946;410095,836
2018;"02";284;64,0462746478873;18189,142
2018;"03";3558;225,729184092187;803144,437
2018;"04";85;14,2786470588235;1213,685
2018;"05";6915;86,7781599421547;600070,976
2018;"06";2958;122,575932386748;362579,608
2018;"07";2228;104,719848294434;233315,822
2018;"08";7473;45,3126829921049;338621,68
2018;"09";9106;71,4184292773995;650336,217
2018;"10";323;131,809696594427;42574,532
2018;"11";245;39,2660204081633;9620,175
2018;"12";1233;362,504489862125;446968,036
2018;"13";493;439,677977687627;216761,243
2018;"14";1126;168,326236234458;189535,342
2018;"15";831;263,932981949459;219328,308
2018;"16";850;288,012198823529;244810,369
2018;NA;140;7048,57142857143;986800
2019;"01";2638;49,4156622441243;130358,517
2019;"02";375;27,50148;10313,055
2019;"03";10127;48,3207465192061;489344,2
2019;"04";148;139,155135135135;20594,96
2019;"05";19166;26,3573577689659;505165,119
2019;"06";6788;21,8098071596936;148044,971
2019;"07";6314;34,2983465315173;216559,76
2019;"08";21561;19,2550428551551;415157,979
2019;"09";26625;28,8017102723005;766845,536
2019;"10";854;20,1570327868852;17214,106
2019;"11";772;403,073187823834;311172,501
2019;"12";4324;79,1514623034228;342250,923
2019;"13";1508;156,638407161804;236210,718
2019;"14";3905;49,9834235595391;195185,269
2019;"15";2798;116,276368834882;325341,28
2019;"16";2102;81,167404376784;170613,884
2019;NA;151;6978,2119205298;1053710
