"ags_county";"n";"mean";"sum";"ags_federal_state";"ags_district";"name";"year";"pop_obliged_to_income_taxes";"total_income_in_1000_euro";"total_taxes_on_income_in_1000_euro";"income_per_tax_person";"solar_plants_per_1000_tax_person";"total_production_per_1000_tax_person"
"01001";100;39,071;3907,1;"01";"010";"Flensburg, Stadt";2015;43285;1338825;222781;30930,4608986947;2,31026914635555;90,2645258172577
"01002";225;15,2682044444444;3435,346;"01";"010";"Kiel, Landeshauptstadt";2015;121137;3876248;642146;31998,8773042093;1,85740112434681;28,3591801018681
"01003";125;29,393752;3674,219;"01";"010";"Lübeck, Hansestadt";2015;105225;3470088;592237;32977,7904490378;1,18793062485151;34,9177381800903
"01004";67;57,0949253731343;3825,36;"01";"010";"Neumünster, Stadt";2015;36709;1118428;165266;30467,4058132883;1,82516549075159;104,207687488082
"01051";2320;47,4794965517241;110152,432;"01";"010";"Dithmarschen";2015;61310;2180237;348429;35560,8709835263;37,8404827923667;1796,64707225575
"01053";472;17,4877944915254;8254,239;"01";"010";"Herzogtum Lauenburg";2015;93650;3810820;672187;40692,1516284036;5,04004271222637;88,1392311799252
"01054";2083;61,8199428708593;128770,941;"01";"010";"Nordfriesland";2015;80419;3010595;491061;37436,364540718;25,9018391176215;1601,25021450155
"01055";939;55,6249201277955;52231,8;"01";"010";"Ostholstein";2015;98864;3545774;578977;35865,1683120246;9,49789609969251;528,319711927496
"01056";606;36,3804438943894;22046,549;"01";"010";"Pinneberg";2015;157481;6598734;1204493;41901,778627263;3,84808326083782;139,994977171849
"01057";407;79,6511842751843;32418,032;"01";"010";"Plön";2015;62025;2339416;386150;37717,3075372834;6,56187021362354;522,660733575171
"01058";1031;136,438656644035;140668,255;"01";"010";"Rendsburg-Eckernförde";2015;129782;5206539;893689;40117,5740857746;7,94409086005763;1083,88108520442
"01059";1791;58,6464427694026;105035,779;"01";"010";"Schleswig-Flensburg";2015;90658;3311780;523321;36530,4771779655;19,7555648701714;1158,59360453573
"01060";504;22,8318035714286;11507,229;"01";"010";"Segeberg";2015;134603;5287410;903914;39281,5167566845;3,74434447969213;85,4901376640937
"01061";547;83,9711279707495;45932,207;"01";"010";"Steinburg";2015;62722;2217193;352123;35349,5264819362;8,72102292656484;732,314132202417
"01062";347;19,3721037463977;6722,12;"01";"010";"Stormarn";2015;121533;5445628;1047413;44807,8135156706;2,85519159405264;55,3110677758304
"03101";76;33,3820394736842;2537,035;"03";"031";"Braunschweig, Stadt";2015;132674;5238597;995624;39484,7294873148;0,572832657491295;19,1223223841898
"03102";103;12,1483203883495;1251,277;"03";"031";"Salzgitter, Stadt";2015;49858;1564751;242062;31384,1509888082;2,06586706245738;25,0968149544707
"03103";282;51,0798014184397;14404,504;"03";"031";"Wolfsburg, Stadt";2015;69258;2963523;600607;42789,6127523174;4,0717317854977;207,983251032372
"03151";996;27,093453815261;26985,08;"03";"031";"Gifhorn";2015;88339;3823236;717708;43279,1405834343;11,274748412366;305,471875389126
"03153";348;19,6316149425287;6831,802;"03";"031";"Goslar";2015;64702;2179273;361573;33681,6945380359;5,37850452845352;105,588729869247
"03154";263;18,0885741444867;4757,295;"03";"031";"Helmstedt";2015;46436;1786775;311149;38478,2280988888;5,6637091911448;102,448423636833
"03155";701;30,7332154065621;21543,984;"03";"031";"Northeim";2015;63476;2176860;336519;34294,2214380238;11,0435440166362;339,40361711513
"03157";646;14,7420371517028;9523,356;"03";"031";"Peine";2015;65055;2385535;391951;36669,5104142649;9,93005918069326;146,389301360387
"03158";514;31,3932237354086;16136,117;"03";"031";"Wolfenbüttel";2015;59501;2357663;415612;39623,9222870204;8,6385102771382;271,190685870826
"03159";1709;18,7680737273259;32074,638;"03";"031";"Göttingen";2015;155759;5589781;950201;35887,3708742352;10,9720786599811;205,924781232545
"03241";1399;32,4224839170836;45359,055;"03";"032";"Region Hannover";2015;580528;22162468;4019928;38176,3980376485;2,409875148141;78,1341382327812
"03251";2110;32,9011464454976;69421,419;"03";"032";"Diepholz";2015;105844;4053586;672254;38297,7400702921;19,9349986772987;655,884310872605
"03252";369;110,285027100271;40695,175;"03";"032";"Hameln-Pyrmont";2015;72647;2454048;388151;33780,4451663524;5,07935633955979;560,176951560285
"03254";863;25,1865179606026;21735,965;"03";"032";"Hildesheim";2015;134280;4754914;774181;35410,4408698242;6,42686922847781;161,8704572535
"03255";170;39,4418529411765;6705,115;"03";"032";"Holzminden";2015;33563;1084872;165512;32323,4514197181;5,06510145100259;199,776986562584
"03256";511;50,3571819960861;25732,52;"03";"032";"Nienburg (Weser)";2015;57476;1962906;296118;34151,7502957756;8,8906674090055;447,708956781961
"03257";371;45,0116091644205;16699,307;"03";"032";"Schaumburg";2015;76133;2702098;434561;35491,8103844588;4,87305110792954;219,343871908371
"03351";633;34,1448278041074;21613,676;"03";"033";"Celle";2015;84770;3014930;485992;35566,0021233927;7,46726436239236;254,968455821635
"03352";623;34,2651428571429;21347,184;"03";"033";"Cuxhaven";2015;93672;3364051;525987;35913,0903578444;6,65086685455632;227,892902895209
"03353";650;20,72422;13470,743;"03";"033";"Harburg";2015;127495;5770396;1090275;45259,7827365779;5,0982391466332;105,657029687439
"03354";264;18,4683901515152;4875,655;"03";"033";"Lüchow-Dannenberg";2015;22244;697238;103143;31344,9919079302;11,8683689983816;219,189669124258
"03355";443;17,657539503386;7822,29;"03";"033";"Lüneburg";2015;87733;3397887;593487;38729,8621955251;5,04941128195776;89,1601791800121
"03356";307;35,235654723127;10817,346;"03";"033";"Osterholz";2015;56173;2157450;360621;38407,2419133748;5,4652591102487;192,571982981148
"03357";967;195,27919131334;188834,978;"03";"033";"Rotenburg (Wümme)";2015;77885;2894311;459802;37161,340437825;12,4157411568338;2424,53589266226
"03358";436;102,351672018349;44625,329;"03";"033";"Heidekreis";2015;66872;2291204;360693;34262,5314032779;6,51991865055629;667,324575308051
"03359";716;144,998456703911;103818,895;"03";"033";"Stade";2015;98332;3962708;681646;40299,2718545336;7,28145466379205;1055,79968880934
"03360";322;46,1181894409938;14850,057;"03";"033";"Uelzen";2015;44233;1459430;219815;32994,1446431397;7,27963285329957;335,723486989352
"03361";647;31,6232179289026;20460,222;"03";"033";"Verden";2015;66155;2692297;481981;40696,802962739;9,78006197566321;309,277031214572
"03401";98;17,3480102040816;1700,105;"03";"034";"Delmenhorst, Stadt";2015;36727;1117406;162659;30424,6467176736;2,6683366460642;46,2903313638468
"03402";159;18,0603270440252;2871,592;"03";"034";"Emden, Stadt";2015;24228;794015;123750;32772,6184579825;6,56265477959386;118,5236915965
"03403";250;67,424656;16856,164;"03";"034";"Oldenburg (Oldenburg), Stadt";2015;84802;3190173;581597;37619,0773802505;2,94804367821514;198,77083087663
"03404";459;14,6592374727669;6728,59;"03";"034";"Osnabrück, Stadt";2015;82758;3032875;557183;36647,5144396916;5,54629159718698;81,3044056163755
"03405";74;122,703756756757;9080,078;"03";"034";"Wilhelmshaven, Stadt";2015;37090;1098324;164584;29612,4022647614;1,99514693987598;244,81202480453
"03451";452;435,030303097345;196633,697;"03";"034";"Ammerland";2015;57993;2266685;382608;39085,4930767506;7,79404410877175;3390,64537099305
"03452";1042;57,3778550863724;59787,725;"03";"034";"Aurich";2015;89997;2989772;446209;33220,7962487638;11,5781637165683;664,330199895552
"03453";1269;33,8618006304177;42970,625;"03";"034";"Cloppenburg";2015;76868;2630158;400937;34216,5530519852;16,5088203153458;559,018382161628
"03454";1996;43,4040100200401;86634,404;"03";"034";"Emsland";2015;150144;5533362;882655;36853,7004475703;13,2939045183291;577,008764919011
"03455";368;39,264089673913;14449,185;"03";"034";"Friesland";2015;47832;1622585;247899;33922,5832078943;7,69359424652952;302,081974410436
"03456";681;75,6876916299559;51543,318;"03";"034";"Grafschaft Bentheim";2015;61925;2106216;322375;34012,3698021801;10,9971740008074;832,350714574082
"03457";669;64,6384843049327;43243,146;"03";"034";"Leer";2015;75461;2482568;368445;32898,6893892209;8,86550668557268;573,052914750666
"03458";876;81,3556232876712;71267,526;"03";"034";"Oldenburg";2015;63726;2563494;450736;40226,8148008662;13,746351567649;1118,34299971754
"03459";1608;23,3482580845771;37543,999;"03";"034";"Osnabrück";2015;173945;6447970;1054028;37069,0160682975;9,24430135962517;215,838333956136
"03460";672;64,2823288690476;43197,725;"03";"034";"Vechta";2015;69425;2672358;453074;38492,7331652863;9,67951026287361;622,221462009363
"03461";447;58,4100044742729;26109,272;"03";"034";"Wesermarsch";2015;42841;1440389;218201;33621,7408557223;10,4339301136762;609,445904624075
"03462";400;266,582485;106632,994;"03";"034";"Wittmund";2015;26871;857014;121292;31893,6399836255;14,8859365114808;3968,32994678278
"04011";545;18,6140458715596;10144,655;"04";"040";"Bremen, Stadt";2015;275894;9582434;1722576;34732,3029859294;1,97539634787273;36,7701182338144
"04012";145;14,1834275862069;2056,597;"04";"040";"Bremerhaven, Stadt";2015;52134;1427395;209287;27379,3493689339;2,78129435684966;39,448287106303
"05111";165;99,778;16463,37;"05";"051";"Düsseldorf, Stadt";2015;318926;15081401;3396999;47288,0887729442;0,517361394179214;51,6212851884136
"05112";90;59,0058333333333;5310,525;"05";"051";"Duisburg, Stadt";2015;224935;6673447;1018004;29668,3352968635;0,400115588947918;23,6091537555294
"05113";823;9,01993438639125;7423,406;"05";"051";"Essen, Stadt";2015;267195;10059609;1867173;37648,9417840903;3,08014745784914;27,782727970209
"05114";170;15,3091647058824;2602,558;"05";"051";"Krefeld, Stadt";2015;108090;4053103;736776;37497,4835784994;1,57276343787584;24,0776945138311
"05116";184;26,7455869565217;4921,188;"05";"051";"Mönchengladbach, Stadt";2015;121452;4263961;730296;35108,1991239337;1,51500181141521;40,5196126864934
"05117";308;22,9346363636364;7063,868;"05";"051";"Mülheim an der Ruhr, Stadt";2015;81411;3388117;680572;41617,4349903576;3,78327253073909;86,7679797570353
"05119";348;24,5614396551724;8547,381;"05";"051";"Oberhausen, Stadt";2015;95527;3100028;477598;32451,851309054;3,6429491138631;89,4760748270123
"05120";151;229,860622516556;34708,954;"05";"051";"Remscheid, Stadt";2015;52664;1897783;317054;36035,6790217226;2,86723378398906;659,064142488227
"05122";278;39,1264316546763;10877,148;"05";"051";"Solingen, Klingenstadt";2015;76239;2917499;509359;38267,8025682394;3,64642768137043;142,67170345886
"05124";488;15,5877295081967;7606,812;"05";"051";"Wuppertal, Stadt";2015;163246;5855617;1009913;35869,8957401713;2,98935349105032;46,5972336228759
"05154";2856;36,2320203081232;103478,65;"05";"051";"Kleve";2015;143173;5041044;817589;35209,459884196;19,9478952037046;722,75254412494
"05158";975;17,0179425641026;16592,494;"05";"051";"Mettmann";2015;244000;10427709;1986417;42736,512295082;3,99590163934426;68,0020245901639
"05162";932;22,3011652360515;20784,686;"05";"051";"Rhein-Kreis Neuss";2015;224814;9996783;1965959;44466,9059756065;4,14564929230386;92,4528098783884
"05166";1334;24,4998470764618;32682,796;"05";"051";"Viersen";2015;144054;5695243;1013003;39535,4728088078;9,26041623280159;226,878781568023
"05170";2372;23,4140101180438;55538,032;"05";"051";"Wesel";2015;218744;8295740;1409711;37924,4230698899;10,8437259993417;253,895110265882
"05314";326;11,9334447852761;3890,303;"05";"053";"Bonn, Stadt";2015;161010;7309686;1503671;45398,9565865474;2,02471896155518;24,1618719334203
"05315";274;82,1287189781022;22503,269;"05";"053";"Köln, Stadt";2015;548281;22375615;4509080;40810,4876878827;0,499743744539752;41,0433135563698
"05316";88;26,09875;2296,69;"05";"053";"Leverkusen, Stadt";2015;83082;3084326;549445;37123,8776148865;1,05919453070461;27,6436532582268
"05334";1379;54,0297722987672;74507,056;"05";"053";"Städteregion Aachen";2015;258320;9484688;1668674;36716,8163518117;5,33834004335708;288,429296995974
"05358";1137;21,8717211961302;24868,147;"05";"053";"Düren";2015;122928;4528594;743541;36839,4019263309;9,24931667317454;202,298475530392
"05362";745;20,4543073825503;15238,459;"05";"053";"Rhein-Erft-Kreis";2015;234295;9298234;1642229;39686,0112251649;3,17975202202352;65,039625258755
"05366";832;25,4674639423077;21188,93;"05";"053";"Euskirchen";2015;91448;3372178;534647;36875,3608608171;9,09806666083457;231,704684629516
"05370";1016;49,8437322834646;50641,232;"05";"053";"Heinsberg";2015;114771;4121336;661822;35909,2105148513;8,8524104521177;441,237176638698
"05374";724;20,0261215469613;14498,912;"05";"053";"Oberbergischer Kreis";2015;131994;5068856;869386;38402,1697955968;5,4850978074761;109,845235389487
"05378";434;56,0630069124424;24331,345;"05";"053";"Rheinisch-Bergischer Kreis";2015;141357;6555439;1294770;46375,0574785826;3,07024059650389;172,126919784659
"05382";1187;36,5641634372367;43401,662;"05";"053";"Rhein-Sieg-Kreis";2015;298489;12582093;2277012;42152,6186894659;3,97669595864504;145,404560972096
"05512";600;17,3704333333333;10422,26;"05";"055";"Bottrop, Stadt";2015;53162;1917642;315648;36071,6677325909;11,2862571009368;196,047176554682
"05513";294;35,2149183673469;10353,186;"05";"055";"Gelsenkirchen, Stadt";2015;107064;3214031;487178;30019,7171785101;2,74602107150863;96,700907868191
"05515";511;18,6340998043053;9522,025;"05";"055";"Münster, Stadt";2015;154747;6543914;1272643;42287,8246428041;3,30216417765773;61,5328568566757
"05554";4879;30,2261455216233;147473,364;"05";"055";"Borken";2015;172971;6572803;1076610;37999,4507749854;28,2070404865555;852,590110480948
"05558";2308;21,6648778162912;50002,538;"05";"055";"Coesfeld";2015;104977;4349022;732111;41428,3319203254;21,9857683111539;476,318984158435
"05562";2709;15,8178877814692;42850,658;"05";"055";"Recklinghausen";2015;282768;10116494;1664455;35776,6578962259;9,58029197080292;151,539983307871
"05566";3626;36,0491707115279;130714,293;"05";"055";"Steinfurt";2015;210292;7912988;1288461;37628,5736024195;17,2426911152112;621,584715538394
"05570";2364;43,0247664974619;101710,548;"05";"055";"Warendorf";2015;131615;5116300;847115;38873,2287353265;17,961478554876;772,788420772708
"05711";337;31,1582700296736;10500,337;"05";"057";"Bielefeld, Stadt";2015;158302;5979119;1075327;37770,3313918965;2,1288423393261;66,3310444593246
"05754";3214;62,6880379589297;201479,354;"05";"057";"Gütersloh";2015;177837;7222976;1284756;40615,7098916423;18,072729521978;1132,94395429523
"05758";459;26,2562505446623;12051,619;"05";"057";"Herford";2015;115639;4411341;728433;38147,5194354846;3,96924912875414;104,217599598751
"05762";1572;33,0552614503817;51962,871;"05";"057";"Höxter";2015;65576;2341514;355338;35706,8744662681;23,9721849457118;792,406840917409
"05766";1112;19,317256294964;21480,789;"05";"057";"Lippe";2015;158264;6003341;1026080;37932,4483142092;7,0262346459081;135,727575443563
"05770";2112;24,7073196022727;52181,859;"05";"057";"Minden-Lübbecke";2015;145155;5534714;930659;38129,6820640005;14,549963831766;359,490606592952
"05774";2273;20,5673224813022;46749,524;"05";"057";"Paderborn";2015;141851;5458522;927150;38480,6733826339;16,0238560179343;329,567814114811
"05911";457;11,5244354485777;5266,667;"05";"059";"Bochum, Stadt";2015;174874;6207222;1092900;35495,3966856136;2,61331015473998;30,1169241854135
"05913";1197;24,5772631578947;29418,984;"05";"059";"Dortmund, Stadt";2015;274941;9376172;1619242;34102,4874427605;4,35366133097646;107,001080231759
"05914";241;33,0531452282158;7965,808;"05";"059";"Hagen, Stadt der FernUniversität";2015;87074;2897617;468723;33277,6374118566;2,7677607552197;91,4831981992328
"05915";1020;14,0263754901961;14306,903;"05";"059";"Hamm, Stadt";2015;79219;2563024;385249;32353,652532852;12,8756990116008;180,599389035459
"05916";39;9,42158974358974;367,442;"05";"059";"Herne, Stadt";2015;69306;2125794;318522;30672,582460393;0,562721842264739;5,30173433757539
"05954";777;42,2363590733591;32817,651;"05";"059";"Ennepe-Ruhr-Kreis";2015;161190;6436735;1161350;39932,5950741361;4,82039828773497;203,596072957379
"05958";1002;28,4725538922156;28529,499;"05";"059";"Hochsauerlandkreis";2015;125916;4829002;801861;38350,980018425;7,95768607643191;226,575645668541
"05962";983;77,5659053916582;76247,285;"05";"059";"Märkischer Kreis";2015;197874;7788788;1331005;39362,3619070722;4,96780779688084;385,332509576801
"05966";574;26,2806602787456;15085,099;"05";"059";"Olpe";2015;66618;2880372;495475;43237,1431144736;8,61628989162088;226,441787504879
"05970";468;12,9336688034188;6052,957;"05";"059";"Siegen-Wittgenstein";2015;134190;5111121;854115;38088,6876816454;3,48759221998659;45,1073626946866
"05974";1981;21,7163957597173;43020,18;"05";"059";"Soest";2015;143051;5565819;954804;38907,9349322969;13,8482079817687;300,733165094966
"05978";1572;30,9958460559796;48725,47;"05";"059";"Unna";2015;186013;6720656;1108302;36130,0339223603;8,45102224038105;261,946584378511
"06411";66;15,6355757575758;1031,948;"06";"064";"Darmstadt, Wissenschaftsstadt";2015;80775;3263873;653288;40406,9699783349;0,817084493964717;12,7755865057258
"06412";179;42,8175474860335;7664,341;"06";"064";"Frankfurt am Main, Stadt";2015;373504;17174473;3842195;45982,032320939;0,479245202193283;20,5201042023646
"06413";46;12,884347826087;592,68;"06";"064";"Offenbach am Main, Stadt";2015;63263;1927456;311566;30467,3505840697;0,727123279009848;9,36850923920775
"06414";272;51,6743125;14055,413;"06";"064";"Wiesbaden, Landeshauptstadt";2015;143515;6304283;1313799;43927,6939692715;1,89527227119116;97,936891614117
"06431";925;43,0107935135135;39784,984;"06";"064";"Bergstraße";2015;135876;5533894;1014147;40727,5309841326;6,80767758838941;292,803615060791
"06432";466;56,0913798283262;26138,583;"06";"064";"Darmstadt-Dieburg";2015;150209;6281270;1150751;41816,8684965615;3,10234406726628;174,014759435187
"06433";468;21,6417115384615;10128,321;"06";"064";"Groß-Gerau";2015;136224;5065870;862038;37187,7936340146;3,43551797040169;74,3504889006343
"06434";221;26,3257466063348;5817,99;"06";"064";"Hochtaunuskreis";2015;118507;7460612;1870359;62955,0321921912;1,86486874193086;49,0940619541462
"06435";2680;27,1955123134328;72883,973;"06";"064";"Main-Kinzig-Kreis";2015;207114;8128104;1426591;39244,5899359773;12,9397336732428;351,902686443215
"06436";224;61,00203125;13664,455;"06";"064";"Main-Taunus-Kreis";2015;121564;6387484;1389459;52544,2071665954;1,84265078477181;112,405440755487
"06437";190;15,8488421052632;3011,28;"06";"064";"Odenwaldkreis";2015;47702;1637992;255108;34338,0151775607;3,98306150685506;63,1269129176974
"06438";846;13,71086643026;11599,393;"06";"064";"Offenbach";2015;175291;7454685;1442739;42527,4828713397;4,826260332818;66,17221078093
"06439";303;38,785;11751,855;"06";"064";"Rheingau-Taunus-Kreis";2015;92376;4123154;784309;44634,4721572703;3,28007274616784;127,21762146012
"06440";1624;130,877466748768;212545,006;"06";"064";"Wetteraukreis";2015;149309;6306919;1159120;42240,715563027;10,8767723312058;1423,52440911131
"06531";1864;40,2696909871245;75062,704;"06";"065";"Gießen";2015;125963;4625538;794788;36721,4023165533;14,7979962369902;595,910735692227
"06532";1341;11,5279045488441;15458,92;"06";"065";"Lahn-Dill-Kreis";2015;121507;4563153;767838;37554,6511723604;11,0364011949929;127,226579538627
"06533";520;59,8403884615385;31117,002;"06";"065";"Limburg-Weilburg";2015;81355;3106489;525324;38184,3648208469;6,39173990535308;382,484198881446
"06534";1379;23,5283016678753;32445,528;"06";"065";"Marburg-Biedenkopf";2015;120275;4344166;789984;36118,6115152775;11,4653918104344;269,761197256288
"06535";946;19,8916289640592;18817,481;"06";"065";"Vogelsbergkreis";2015;50523;1716632;253627;33977,238089583;18,7241454387111;372,453753735922
"06611";579;17,5020725388601;10133,7;"06";"066";"Kassel, documenta-Stadt";2015;99320;3340718;578549;33635,9041482078;5,82964156262586;102,030809504632
"06631";3562;37,0473391353172;131962,622;"06";"066";"Fulda";2015;107952;3888697;623812;36022,4636875648;32,9961464354528;1222,41942715281
"06632";1447;43,1155224602626;62388,161;"06";"066";"Hersfeld-Rotenburg";2015;59346;1943746;291211;32752,7718801604;24,3824352104607;1051,26143295252
"06633";2006;29,6438678963111;59465,599;"06";"066";"Kassel";2015;116423;4262306;679796;36610,5151044038;17,2302723688618;510,771917919999
"06634";2325;38,1651178494624;88733,899;"06";"066";"Schwalm-Eder-Kreis";2015;89196;3116865;480315;34943,9997309296;26,0661913090273;994,819263195659
"06635";1542;21,231621919585;32739,161;"06";"066";"Waldeck-Frankenberg";2015;76460;2600889;389641;34016,3353387392;20,1674077949254;428,186777399948
"06636";1172;14,020843003413;16432,428;"06";"066";"Werra-Meißner-Kreis";2015;47169;1476474;209728;31301,7871907397;24,8468273654307;348,373465623609
"07111";267;12,2964419475655;3283,15;"07";"071";"Koblenz, kreisfreie Stadt";2015;57397;2082681;364970;36285,5375716501;4,651811070265;57,2007247765563
"07131";383;13,5566553524804;5192,199;"07";"071";"Ahrweiler";2015;64046;2363682;386658;36906,0050588639;5,98007681978578;81,069840427193
"07132";549;51,230072859745;28125,31;"07";"071";"Altenkirchen (Westerwald)";2015;60829;2139802;337335;35177,3331798977;9,02530043235956;462,366798730868
"07133";478;29,7350355648536;14213,347;"07";"071";"Bad Kreuznach";2015;75938;2769187;457209;36466,4199741895;6,29460875977771;187,170415338829
"07134";310;24,5087903225806;7597,725;"07";"071";"Birkenfeld";2015;37519;1242209;184877;33108,7982089075;8,26248034329273;202,503398278206
"07135";494;21,8478461538462;10792,836;"07";"071";"Cochem-Zell";2015;29722;1035613;158124;34843,3147163717;16,6206850144674;363,12616916762
"07137";1002;19,482129740519;19521,094;"07";"071";"Mayen-Koblenz";2015;103115;3897267;648154;37795,3450031518;9,71730592057412;189,313814672938
"07138";656;21,0943902439024;13837,92;"07";"071";"Neuwied";2015;88369;3447299;624300;39010,2750964705;7,42341771435684;156,592470210142
"07140";681;37,6968237885463;25671,537;"07";"071";"Rhein-Hunsrück-Kreis";2015;50188;1893398;306376;37726,1098270503;13,5689806328206;511,507471905635
"07141";290;22,7501034482759;6597,53;"07";"071";"Rhein-Lahn-Kreis";2015;59992;2162192;351760;36041,3388451794;4,83397786371516;109,973496466195
"07143";1170;118,115372649573;138194,986;"07";"071";"Westerwaldkreis";2015;96601;3700780;610835;38309,9553834846;12,1116758625687;1430,57510791814
"07211";149;62,4648657718121;9307,265;"07";"072";"Trier, kreisfreie Stadt";2015;50011;1599910;279307;31991,1619443722;2,97934454420028;186,104357041451
"07231";647;58,8594018547141;38082,033;"07";"072";"Bernkastel-Wittlich";2015;53342;1842753;281104;34546,0050241836;12,1292789921638;713,922106407709
"07232";749;58,3872536715621;43732,053;"07";"072";"Eifelkreis Bitburg-Prüm";2015;41561;1319312;201032;31743,9907605688;18,0217030389067;1052,2377469262
"07233";436;43,4367798165138;18938,436;"07";"072";"Vulkaneifel";2015;28920;982009;146676;33956,051175657;15,076071922545;654,85601659751
"07235";547;70,7190036563071;38683,295;"07";"072";"Trier-Saarburg";2015;64704;2194648;352567;33918,2739861523;8,45388229475767;597,850132912957
"07311";63;26,7477936507936;1685,111;"07";"073";"Frankenthal (Pfalz), kreisfreie Stadt";2015;24144;841120;142730;34837,6408217362;2,60934393638171;69,7941931742876
"07312";140;100,439007142857;14061,461;"07";"073";"Kaiserslautern, kreisfreie Stadt";2015;47125;1546013;261108;32806,6419098143;2,97082228116711;298,386440318302
"07313";279;47,4791505376344;13246,683;"07";"073";"Landau in der Pfalz, kreisfreie Stadt";2015;23056;871953;157282;37818,9191533657;12,1009715475364;574,543849757113
"07314";120;17,35575;2082,69;"07";"073";"Ludwigshafen am Rhein, kreisfreie Stadt";2015;82081;2679465;444662;32644,1563821104;1,46197049256222;25,3735943762868
"07315";119;17,0280672268908;2026,34;"07";"073";"Mainz, kreisfreie Stadt";2015;109163;4453756;867521;40799,1352381301;1,09011295035864;18,5625166036111
"07316";121;15,4387603305785;1868,09;"07";"073";"Neustadt an der Weinstraße, kreisfreie Stadt";2015;29559;1149801;224462;38898,5080686085;4,09350789945533;63,1986873710207
"07317";72;28,1272083333333;2025,159;"07";"073";"Pirmasens, kreisfreie Stadt";2015;18020;542771;85828;30120,4772475028;3,99556048834628;112,383962264151
"07318";365;22,2491260273973;8120,931;"07";"073";"Speyer, kreisfreie Stadt";2015;25183;1063958;205399;42249,0569034666;14,4939046181948;322,476710479292
"07319";375;18,1276986666667;6797,887;"07";"073";"Worms, kreisfreie Stadt";2015;40409;1402158;233790;34699,1511791928;9,28011086639115;168,227053379198
"07320";413;11,4046246973366;4710,11;"07";"073";"Zweibrücken, kreisfreie Stadt";2015;16065;540887;84430;33668,6585745409;25,7080610021786;293,190787426081
"07331";1477;29,624211916046;43754,961;"07";"073";"Alzey-Worms";2015;62380;2492411;422053;39955,2901571016;23,6774607245912;701,426114139147
"07332";773;40,4607787839586;31276,182;"07";"073";"Bad Dürkheim";2015;67785;2928974;551096;43209,766172457;11,4037028841189;461,402699712326
"07333";481;23,4324012474012;11270,985;"07";"073";"Donnersbergkreis";2015;36078;1303802;205573;36138,4223072232;13,3322246244249;312,406036920007
"07334";443;169,338706546275;75017,047;"07";"073";"Germersheim";2015;65440;2477891;410567;37865,0825183374;6,76955990220049;1146,34851772616
"07335";487;21,5801848049281;10509,55;"07";"073";"Kaiserslautern";2015;50330;1809163;286240;35946,0162924697;9,67613749254918;208,812835287105
"07336";279;27,0909462365591;7558,374;"07";"073";"Kusel";2015;33249;1107722;160752;33315,9493518602;8,3912298114229;227,32635567987
"07337";809;24,2811594561187;19643,458;"07";"073";"Südliche Weinstraße";2015;55097;2198619;377233;39904,5138573788;14,6831950922918;356,525001361236
"07338";662;45,2353640483384;29945,811;"07";"073";"Rhein-Pfalz-Kreis";2015;85341;3432320;638228;40218,8865844084;7,75711557164786;350,895946848525
"07339";1459;20,5007278958191;29910,562;"07";"073";"Mainz-Bingen";2015;105287;4921979;950854;46748,2120299752;13,8573613076638;284,085993522467
"07340";416;273,705096153846;113861,32;"07";"073";"Südwestpfalz";2015;46188;1648879;258971;35699,2941889668;9,00666839871828;2465,171040097
"08111";679;20,510854197349;13926,87;"08";"081";"Stuttgart, Stadtkreis";2015;325683;14946637;3190595;45893,2059702226;2,08484937807623;42,7620416171553
"08115";1232;32,6516631493506;40226,849;"08";"081";"Böblingen";2015;202750;9220585;1795531;45477,607891492;6,07644882860666;198,406160295931
"08116";1618;19,7793133498146;32002,929;"08";"081";"Esslingen";2015;276619;12229456;2331721;44210,469996638;5,84920052490971;115,693170028089
"08117";1626;20,426290897909;33213,149;"08";"081";"Göppingen";2015;129160;5193223;929980;40207,6726540725;12,589036853515;257,147328894394
"08118";1568;24,3231179846939;38138,649;"08";"081";"Ludwigsburg";2015;281211;12773376;2458505;45422,7466208648;5,57588430040077;135,62289170765
"08119";1423;16,7797104708363;23877,528;"08";"081";"Rems-Murr-Kreis";2015;218289;9432133;1729370;43209,3829739474;6,51888093307496;109,384934650853
"08121";473;32,3135687103594;15284,318;"08";"081";"Heilbronn, Stadtkreis";2015;62753;3115973;535111;49654,5663155546;7,53748824757382;243,563144391503
"08125";1811;19,6940110436223;35665,854;"08";"081";"Heilbronn";2015;171424;7474181;1384860;43600,5518480493;10,5644483852903;208,056363169685
"08126";801;22,1809662921348;17766,954;"08";"081";"Hohenlohekreis";2015;57427;2374994;433490;41356,7485677469;13,9481428596305;309,383286607345
"08127";3326;18,7349582080577;62312,471;"08";"081";"Schwäbisch Hall";2015;96316;3891414;671676;40402,5707047635;34,5321649570165;646,958667303459
"08128";2692;65,1706188707281;175439,306;"08";"081";"Main-Tauber-Kreis";2015;65436;2451407;393567;37462,6658108686;41,1394339507305;2681,08237056055
"08135";1232;37,5374683441558;46246,161;"08";"081";"Heidenheim";2015;66464;2453966;413565;36921,7320654791;18,5363505055368;695,807670317766
"08136";5310;17,1791734463277;91221,411;"08";"081";"Ostalbkreis";2015;158806;6523429;1155791;41077,9756432377;33,4370237900331;574,420431217964
"08211";308;23,1786525974026;7139,025;"08";"082";"Baden-Baden, Stadtkreis";2015;28024;1322734;283276;47200,0428204396;10,9905795032829;254,746824150728
"08212";290;56,4100103448276;16358,903;"08";"082";"Karlsruhe, Stadtkreis";2015;154769;6210301;1194053;40126,2591345812;1,8737602491455;105,698835038024
"08215";2052;24,039556042885;49329,169;"08";"082";"Karlsruhe";2015;224116;9309882;1669567;41540,461189741;9,1559727998001;220,105521247925
"08216";1054;25,4700180265655;26845,399;"08";"082";"Rastatt";2015;118093;4698202;812618;39783,9160661513;8,92516914635076;227,3242190477
"08221";189;63,4693121693122;11995,7;"08";"082";"Heidelberg, Stadtkreis";2015;71131;3330644;765633;46824,0851386878;2,65706935091592;168,642364088794
"08222";211;40,7420047393365;8596,563;"08";"082";"Mannheim, Stadtkreis";2015;157304;5694939;1063387;36203,3959721304;1,34135177745003;54,6493604739867
"08225";1706;22,827347010551;38943,454;"08";"082";"Neckar-Odenwald-Kreis";2015;70935;2645631;427591;37296,553182491;24,0501867907239;549,001959540424
"08226";1736;37,6216399769585;65311,167;"08";"082";"Rhein-Neckar-Kreis";2015;274835;12050782;2319769;43847,3338548584;6,31651718303709;237,637735368494
"08231";251;31,6313824701195;7939,477;"08";"082";"Pforzheim, Stadtkreis";2015;59351;2147354;369832;36180,5866792472;4,22907785883978;133,771579248875
"08235";640;30,6573890625;19620,729;"08";"082";"Calw";2015;78974;3175377;555589;40207,8785423051;8,10393293995492;248,445425076608
"08236";1030;18,009172815534;18549,448;"08";"082";"Enzkreis";2015;99278;4302108;790765;43333,9511271379;10,3749068272931;186,843489997784
"08237";1086;17,7053278084715;19227,986;"08";"082";"Freudenstadt";2015;58010;2382855;406921;41076,6247198759;18,7209101878986;331,459851749698
"08311";270;76,7721222222222;20728,473;"08";"083";"Freiburg im Breisgau, Stadtkreis";2015;114779;4357707;834655;37966,0652209899;2,3523466836268;180,594647104435
"08315";1056;158,880213068182;167777,505;"08";"083";"Breisgau-Hochschwarzwald";2015;131468;5416289;961676;41198,535004716;8,0323728968266;1276,1851172909
"08316";1891;67,1778524590164;127033,319;"08";"083";"Emmendingen";2015;84085;3245951;547294;38603,2110364512;22,4891478860677;1510,77265861925
"08317";2952;35,0740951897019;103538,729;"08";"083";"Ortenaukreis";2015;214881;8298224;1414703;38617,7651816587;13,7378362907842;481,842177763506
"08325";1888;41,1111933262712;77617,933;"08";"083";"Rottweil";2015;71818;2872807;501893;40001,2113954719;26,2886741485421;1080,75876521206
"08326";1245;25,9148554216867;32263,995;"08";"083";"Schwarzwald-Baar-Kreis";2015;107876;4153187;720182;38499,6384738033;11,5410285883793;299,084087285402
"08327";1090;38,4512660550459;41911,88;"08";"083";"Tuttlingen";2015;68620;2941188;530525;42861,9644418537;15,8845817545905;610,782279218887
"08335";1715;24,5872635568513;42167,157;"08";"083";"Konstanz";2015;146225;5926638;1095537;40530,9488801505;11,7285005983929;288,371735339374
"08336";446;30,8235156950673;13747,288;"08";"083";"Lörrach";2015;119496;5476858;1078059;45832,9818571333;3,73234250518846;115,043917788043
"08337";910;20,3827197802198;18548,275;"08";"083";"Waldshut";2015;84110;3648153;670768;43373,5941029604;10,8191653786708;220,524016169302
"08415";2207;16,7207979157227;36902,801;"08";"084";"Reutlingen";2015;144286;5963094;1082791;41328,2924192229;15,296009314833;255,761480670335
"08416";1765;40,0174407932011;70630,783;"08";"084";"Tübingen";2015;111162;4747277;896035;42705,9336823735;15,8777280005757;635,386040193591
"08417";1615;19,5697232198142;31605,103;"08";"084";"Zollernalbkreis";2015;93384;3784834;663960;40529,7909706159;17,2941831577144;338,442377709244
"08421";934;25,513534261242;23829,641;"08";"084";"Ulm, Stadtkreis";2015;65347;2836640;572984;43408,8787549543;14,2929285200545;364,663121489892
"08425";4024;69,5600867296223;279909,789;"08";"084";"Alb-Donau-Kreis";2015;98192;4025050;694843;40991,6286459182;40,9809353104123;2850,63741445332
"08426";4273;143,700844839691;614033,71;"08";"084";"Biberach";2015;99194;4229557;733873;42639,2422928806;43,0772022501361;6190,2303566748
"08435";1917;114,423987480438;219350,784;"08";"084";"Bodenseekreis";2015;115451;4992188;944284;43240,7514876441;16,6044469082121;1899,94702514487
"08436";4471;82,1661460523373;367364,839;"08";"084";"Ravensburg";2015;143150;5777385;1019927;40358,9591337758;31,2329724065665;2566,29297240657
"08437";1978;70,3220626895854;139097,04;"08";"084";"Sigmaringen";2015;64777;2456228;400269;37918,2117109468;30,5355295861185;2147,32142581472
"09161";800;14,41802375;11534,419;"09";"091";"Ingolstadt";2015;71729;3315711;678753;46225,5294232458;11,1530901030267;160,805517991328
"09162";571;77,3851471103328;44186,919;"09";"091";"München, Landeshauptstadt";2015;843299;43140973;9972972;51157,3866445946;0,677102664653937;52,3976893130432
"09163";245;15,2020244897959;3724,496;"09";"091";"Rosenheim";2015;32945;1279897;231062;38849,5067536804;7,43663681894066;113,051935043254
"09171";1486;34,4643721399731;51214,057;"09";"091";"Altötting";2015;56397;2171574;369894;38505,1332517687;26,3489192687554;908,098959164495
"09172";500;39,79147;19895,735;"09";"091";"Berchtesgadener Land";2015;50893;1847906;297371;36309,6300080561;9,82453382586996;390,93264299609
"09173";304;22,2066282894737;6750,815;"09";"091";"Bad Tölz-Wolfratshausen";2015;65460;2996296;603766;45772,9300336083;4,64405743965781;103,128857317446
"09174";851;41,7228437132785;35506,14;"09";"091";"Dachau";2015;79022;3688112;708423;46671,9647693048;10,7691528941307;449,319683126218
"09175";441;17,7477732426304;7826,768;"09";"091";"Ebersberg";2015;72666;3727207;772888;51292,3100211929;6,0688630170919;107,708804667933
"09176";785;38,2115617834395;29996,076;"09";"091";"Eichstätt";2015;66414;3167495;606943;47693,1821603879;11,8197970307465;451,652904508086
"09177";1628;25,9836504914005;42301,383;"09";"091";"Erding";2015;70822;3192992;590613;45084,7476772754;22,9872073649431;597,291561944029
"09178";1163;26,6594729148753;31004,967;"09";"091";"Freising";2015;94278;4138696;777631;43898,8523303422;12,3358577823034;328,867466429071
"09179";895;31,1584893854749;27886,848;"09";"091";"Fürstenfeldbruck";2015;112040;5258727;1014230;46936,1567297394;7,98821849339522;248,900821135309
"09180";507;25,7838856015779;13072,43;"09";"091";"Garmisch-Partenkirchen";2015;45400;1789740;318144;39421,5859030837;11,1674008810573;287,938986784141
"09181";523;67,8002026768642;35459,506;"09";"091";"Landsberg am Lech";2015;60278;2798452;558416;46425,7606423571;8,67646570888218;588,266133581074
"09182";517;12,8788607350097;6658,371;"09";"091";"Miesbach";2015;51958;2546794;552862;49016,3978598098;9,95034450902652;128,149101197121
"09183";1540;30,0383675324675;46259,086;"09";"091";"Mühldorf a.Inn";2015;56989;2232516;378102;39174,5073610697;27,0227587780098;811,719559915071
"09184";653;21,1992343032159;13843,1;"09";"091";"München";2015;177779;10670054;2562975;60018,6411218423;3,67309974743924;77,8669021650476
"09185";677;24,4925819793205;16581,478;"09";"091";"Neuburg-Schrobenhausen";2015;48906;1994819;346739;40788,8398151556;13,8428822639349;339,047928679508
"09186";802;24,4023877805486;19570,715;"09";"091";"Pfaffenhofen a.d.Ilm";2015;65558;3002011;565722;45791,6806491961;12,2334421428354;298,525199060374
"09187";1745;34,3848790830946;60001,614;"09";"091";"Rosenheim";2015;129516;5648461;1055224;43612,0710954631;13,4732388276352;463,275687945891
"09188";379;24,1512981530343;9153,342;"09";"091";"Starnberg";2015;70377;4835025;1259832;68701,7775693764;5,385282123421;130,061554200946
"09189";1669;28,0433031755542;46804,273;"09";"091";"Traunstein";2015;88287;3533482;607659;40022,6760451709;18,9042554396457;530,137766602105
"09190";705;20,541970212766;14482,089;"09";"091";"Weilheim-Schongau";2015;69094;2864305;512209;41455,191478276;10,2034908964599;209,599806061308
"09261";568;100,181758802817;56903,239;"09";"092";"Landshut";2015;37149;1597780;314515;43010,0406471237;15,2897789980888;1531,75695173491
"09262";301;33,1251428571429;9970,668;"09";"092";"Passau";2015;26468;922694;161040;34860,7374943328;11,3722230618105;376,706513525767
"09263";595;25,6608756302521;15268,221;"09";"092";"Straubing";2015;23841;890304;157364;37343,4000251667;24,9570068369615;640,418648546621
"09271";1814;35,1014338478501;63674,001;"09";"092";"Deggendorf";2015;60000;2214680;358998;36911,3333333333;30,2333333333333;1061,23335
"09272";990;34,8989797979798;34549,99;"09";"092";"Freyung-Grafenau";2015;38851;1253909;177601;32274,8191809735;25,4819695760727;889,294741448096
"09273";1836;30,9224656862745;56773,647;"09";"092";"Kelheim";2015;60779;2428831;412398;39961,6808437125;30,2078020368877;934,099721943434
"09274";2721;45,4708250643146;123726,115;"09";"092";"Landshut";2015;78794;3272050;562000;41526,6390841942;34,5330862756047;1570,24792496891
"09275";2558;34,0747458952306;87163,2;"09";"092";"Passau";2015;93959;3300997;501797;35132,3130301515;27,2246405347013;927,672708308943
"09276";848;19,196758254717;16278,851;"09";"092";"Regen";2015;38128;1272889;183785;33384,625472094;22,2408728493496;426,952659462862
"09277";1871;29,4375216461785;55077,603;"09";"092";"Rottal-Inn";2015;59234;2186005;345176;36904,5649458082;31,586588783469;929,830891042307
"09278";2917;33,8054031539253;98610,361;"09";"092";"Straubing-Bogen";2015;49075;1936117;321528;39452,2058074376;59,4396332144676;2009,38076413653
"09279";2695;27,4264883116883;73914,386;"09";"092";"Dingolfing-Landau";2015;55631;2036621;350968;36609,4623501285;48,4442127590732;1328,65463500566
"09361";299;23,4894280936455;7023,339;"09";"093";"Amberg";2015;21136;784660;132817;37124,3376230129;14,1464799394398;332,29272331567
"09362";258;39,6410542635659;10227,392;"09";"093";"Regensburg";2015;79002;3259316;637496;41256,1200982254;3,26574010784537;129,457380825802
"09363";389;26,9602159383033;10487,524;"09";"093";"Weiden i.d.OPf.";2015;21837;802892;148367;36767,5046938682;17,8138022622155;480,263955671567
"09371";793;31,0921273644388;24656,057;"09";"093";"Amberg-Sulzbach";2015;52015;1870027;291008;35951,6870133615;15,2456022301259;474,018206286648
"09372";2494;18,8920850040096;47116,86;"09";"093";"Cham";2015;62014;2200770;341717;35488,2768407134;40,2167252555874;759,777792111459
"09373";1007;45,8101996027805;46130,871;"09";"093";"Neumarkt i.d.OPf.";2015;66937;2635895;446101;39378,7441923002;15,0439965938121;689,168486786082
"09374";989;23,1385682507583;22884,044;"09";"093";"Neustadt a.d.Waldnaab";2015;46768;1707223;277788;36504,0839890523;21,1469380773178;489,309869996579
"09375";2019;28,7624224863794;58071,331;"09";"093";"Regensburg";2015;94041;4075048;722329;43332,6740464266;21,4693591093247;617,510777214194
"09376";1372;18,3095174927114;25120,658;"09";"093";"Schwandorf";2015;74142;2640843;412750;35618,7181354698;18,5050308866769;338,818186722775
"09377";696;27,938816091954;19445,416;"09";"093";"Tirschenreuth";2015;36296;1221323;180682;33648,9695834252;19,1756667401367;535,745426493277
"09461";296;18,4729797297297;5468,002;"09";"094";"Bamberg";2015;38748;1469581;272199;37926,6284711469;7,63910395375245;141,117012490967
"09462";92;24,3171847826087;2237,181;"09";"094";"Bayreuth";2015;37096;1332019;241870;35907,3485011861;2,4800517576019;60,3078768600388
"09463";159;11,9204213836478;1895,347;"09";"094";"Coburg";2015;21451;860410;167949;40110,4843597035;7,41224185352664;88,3570462915482
"09464";86;105,182151162791;9045,665;"09";"094";"Hof";2015;21733;694000;108134;31933,0051074403;3,95711590668569;416,217963465697
"09471";653;63,1832833078101;41258,684;"09";"094";"Bamberg";2015;74229;2795893;444750;37665,7775263037;8,7971008635439;555,829716148675
"09472";692;46,0644985549133;31876,633;"09";"094";"Bayreuth";2015;52211;1896476;293562;36323,3035184157;13,2539120108789;610,534810672081
"09473";1068;27,5457003745318;29418,808;"09";"094";"Coburg";2015;42994;1693592;280827;39391,3569335256;24,8406754430851;684,253802856212
"09474";697;21,2075494978479;14781,662;"09";"094";"Forchheim";2015;59316;2475448;435954;41733,2254366444;11,7506237777328;249,201935396857
"09475";543;56,991546961326;30946,41;"09";"094";"Hof";2015;46886;1551920;235725;33099,8592330333;11,5812822590965;660,035191741671
"09476";210;26,6871619047619;5604,304;"09";"094";"Kronach";2015;33495;1132677;174686;33816,3009404389;6,26959247648903;167,31762949694
"09477";374;118,552016042781;44338,454;"09";"094";"Kulmbach";2015;37026;1299778;207048;35104,4671312051;10,1010101010101;1197,49511154324
"09478";325;149,050741538462;48441,491;"09";"094";"Lichtenfels";2015;33496;1122269;168577;33504,5677095773;9,70265106281347;1446,18733580129
"09479";567;20,3971569664903;11565,188;"09";"094";"Wunsiedel i.Fichtelgebirge";2015;36263;1180138;185146;32543,8601329178;15,6357719990073;318,925295756005
"09561";273;32,5389633699634;8883,137;"09";"095";"Ansbach";2015;21561;772356;126337;35821,9006539585;12,6617503826353;412,00023190019
"09562";649;12,807249614792;8311,905;"09";"095";"Erlangen";2015;59698;2729928;560166;45728,969144695;10,8713859760796;139,2325538544
"09563";447;16,9454340044743;7574,609;"09";"095";"Fürth";2015;66610;2614417;474985;39249,6171745984;6,71070409848371;113,715793424411
"09564";212;69,5304433962264;14740,454;"09";"095";"Nürnberg";2015;276671;10205690;1864344;36887,458389206;0,766253058687033;53,2779149242241
"09565";55;20,9713818181818;1153,426;"09";"095";"Schwabach";2015;20869;887227;161207;42514,111840529;2,63548804446787;55,2698260577891
"09571";1441;53,3168896599584;76829,638;"09";"095";"Ansbach";2015;90621;3391757;537348;37427,9361295947;15,9013915096942;847,812736562166
"09572";707;27,699486562942;19583,537;"09";"095";"Erlangen-Höchstadt";2015;68565;3290017;644948;47983,9130751841;10,3113833588566;285,620024793991
"09573";537;21,8837448789572;11751,571;"09";"095";"Fürth";2015;60185;2548920;457193;42351,4164658968;8,92248899227382;195,257472792224
"09574";400;36,54024;14616,096;"09";"095";"Nürnberger Land";2015;86857;3676537;671135;42328,6206062839;4,60527073235318;168,277697825161
"09575";971;26,2306632337796;25469,974;"09";"095";"Neustadt a.d.Aisch-Bad Windsheim";2015;49049;1842009;291375;37554,465942221;19,7965300006116;519,276111643459
"09576";501;18,3576047904192;9197,16;"09";"095";"Roth";2015;63652;2578345;441683;40506,8968767674;7,87092314459875;144,491296424307
"09577";976;25,8477151639344;25227,37;"09";"095";"Weißenburg-Gunzenhausen";2015;46809;1683028;259743;35955,2222863125;20,8506911064112;538,942724689696
"09661";108;22,8608240740741;2468,969;"09";"096";"Aschaffenburg";2015;35522;1460074;277175;41103,3725578515;3,04036934857272;69,5053487979281
"09662";158;22,1647594936709;3502,032;"09";"096";"Schweinfurt";2015;27268;893149;154135;32754,4741088455;5,79433768519877;128,430101217544
"09663";245;43,1456775510204;10570,691;"09";"096";"Würzburg";2015;68860;2668308;516033;38749,7531222771;3,5579436537903;153,509889631136
"09671";779;17,9148164313222;13955,642;"09";"096";"Aschaffenburg";2015;87552;3699713;702620;42257,3213633041;8,89756944444444;159,398323282164
"09672";592;54,2174881756757;32096,753;"09";"096";"Bad Kissingen";2015;50881;1784502;274938;35072,0701244079;11,6349914506397;630,820011399147
"09673";958;47,7570521920668;45751,256;"09";"096";"Rhön-Grabfeld";2015;38907;1394920;216640;35852,6743259568;24,6228185159483;1175,91322898193
"09674";591;117,276730964467;69310,548;"09";"096";"Haßberge";2015;43432;1473681;220173;33930,7653343157;13,6074783569718;1595,84057837539
"09675";713;72,917840112202;51990,42;"09";"096";"Kitzingen";2015;45572;1681592;279918;36899,675239182;15,6455718423593;1140,84130606513
"09676";591;34,4432978003384;20355,989;"09";"096";"Miltenberg";2015;64788;2404494;403902;37113,2617151324;9,1220596406742;314,193816756189
"09677";855;77,6527333333333;66393,087;"09";"096";"Main-Spessart";2015;64924;2430324;390471;37433,3682459491;13,1692440391843;1022,62779557637
"09678";723;25,47281604426;18416,846;"09";"096";"Schweinfurt";2015;60193;2210604;357146;36725,2670576313;12,011363447577;305,963251540877
"09679";1315;43,7370844106464;57514,266;"09";"096";"Würzburg";2015;81072;3249880;551276;40086,3430037498;16,2201499901322;709,422069271758
"09761";225;57,6328355555556;12967,388;"09";"097";"Augsburg";2015;146270;5149180;891439;35203,2542558283;1,5382511793259;88,6537772612292
"09762";376;440,359058510638;165575,006;"09";"097";"Kaufbeuren";2015;21472;759357;122426;35364,9869597616;17,5111773472429;7711,20557004471
"09763";293;44,8687064846416;13146,531;"09";"097";"Kempten (Allgäu)";2015;35267;1236309;209496;35055,6894547311;8,30805001843083;372,771457736694
"09764";55;36,0345818181818;1981,902;"09";"097";"Memmingen";2015;22062;937828;172436;42508,7480736107;2,49297434502765;89,8332880065271
"09771";546;41,4400677655678;22626,277;"09";"097";"Aichach-Friedberg";2015;66963;2906080;522074;43398,2945805893;8,1537565521258;337,892224064035
"09772";451;64,0668957871397;28894,17;"09";"097";"Augsburg";2015;126465;5347837;958203;42287,0912900803;3,56620408808761;228,475625667181
"09773";2098;24,1230791229743;50610,22;"09";"097";"Dillingen a.d.Donau";2015;48176;1883581;320026;39097,9118233145;43,5486549319163;1050,52764862172
"09774";576;41,4021458333333;23847,636;"09";"097";"Günzburg";2015;62835;2414899;406218;38432,3864088486;9,16686560038195;379,52790642158
"09775";1452;35,3270254820937;51294,841;"09";"097";"Neu-Ulm";2015;90175;3547413;621431;39339,2070973108;16,1020238425284;568,836606598281
"09776";658;16,4881747720365;10849,219;"09";"097";"Lindau (Bodensee)";2015;42564;1716171;311778;40319,7772765717;15,4590733953576;254,891903956395
"09777";1382;31,9002286541245;44086,116;"09";"097";"Ostallgäu";2015;70089;2730538;456496;38958,1532052105;19,717787384611;629,001926122501
"09778";813;46,796172201722;38045,288;"09";"097";"Unterallgäu";2015;71936;2907413;499833;40416,6620329181;11,301712633452;528,876890569395
"09779";975;37,7278123076923;36784,617;"09";"097";"Donau-Ries";2015;68403;2743158;480902;40102,890224113;14,2537607999649;537,763212139818
"09780";1899;19,5212790942601;37070,909;"09";"097";"Oberallgäu";2015;79469;3049232;515978;38370,0814153947;23,896110432999;466,482641029836
"10041";463;49,9192786177106;23112,626;"10";"100";"Regionalverband Saarbrücken";2015;153091;5233544;863349;34185,8371818069;3,02434499741983;150,97312056228
"10042";928;16,1249181034483;14963,924;"10";"100";"Merzig-Wadern";2015;46259;1536140;250060;33207,3758619944;20,0609611102704;323,481354979572
"10043";1111;37,5914428442844;41764,093;"10";"100";"Neunkirchen";2015;62688;2105295;319577;33583,700229709;17,7226901480347;666,22149374681
"10044";1649;23,4076040024257;38599,139;"10";"100";"Saarlouis";2015;95651;3352179;527885;35045,9378365098;17,2397570333818;403,541405735434
"10045";937;28,8617737459979;27043,482;"10";"100";"Saarpfalz-Kreis";2015;71295;2712471;459743;38045,7395329266;13,1425766182762;379,318072796129
"10046";877;48,917889395667;42900,989;"10";"100";"St. Wendel";2015;42621;1540899;240620;36153,5158724572;20,576711011004;1006,5692733629
"12051";127;20,0355748031496;2544,518;"12";"120";"Brandenburg an der Havel, Stadt";2015;31426;900032;127670;28639,7250684147;4,04123973779673;80,9685610640871
"12052";227;123,980748898678;28143,63;"12";"120";"Cottbus, Stadt";2015;46465;1396497;214740;30054,8154524911;4,88539761110513;605,695254492629
"12053";27;122,584444444444;3309,78;"12";"120";"Frankfurt (Oder), Stadt";2015;25667;739809;105305;28823,3529434683;1,05193439046246;128,950792846846
"12054";54;305,561259259259;16500,308;"12";"120";"Potsdam, Stadt";2015;83513;3104735;565551;37176,6671057201;0,646605917641565;197,577718439045
"12060";216;207,718888888889;44867,28;"12";"120";"Barnim";2015;82794;2859511;446880;34537,6597337971;2,60888470178998;541,914631495036
"12061";362;220,245502762431;79728,872;"12";"120";"Dahme-Spreewald";2015;78067;2671422;421201;34219,6062356694;4,63704254038198;1021,28776563721
"12062";464;169,709549568966;78745,231;"12";"120";"Elbe-Elster";2015;44833;1251335;159557;27911,0253607834;10,3495193272812;1756,4122632882
"12063";268;62,516223880597;16754,348;"12";"120";"Havelland";2015;72909;2617209;426312;35896,9263053944;3,67581505712601;229,798077054959
"12064";388;206,464721649485;80108,312;"12";"120";"Märkisch-Oderland";2015;87422;2963895;452479;33903,3080917847;4,43824209009174;916,340417743817
"12065";266;426,994526315789;113580,544;"12";"120";"Oberhavel";2015;97077;3529447;578597;36357,1906836841;2,74009291593271;1170,00467669994
"12066";345;159,394692753623;54991,169;"12";"120";"Oberspreewald-Lausitz";2015;49120;1412854;189308;28763,3143322476;7,02361563517915;1119,52705618892
"12067";358;185,955642458101;66572,12;"12";"120";"Oder-Spree";2015;80924;2642328;398225;32651,9697493945;4,42390390984133;822,649893727448
"12068";170;457,3474;77749,058;"12";"120";"Ostprignitz-Ruppin";2015;43898;1267612;173174;28876,3041596428;3,87261378650508;1771,12984646225
"12069";300;226,140816666667;67842,245;"12";"120";"Potsdam-Mittelmark";2015;99380;4088114;737873;41136,1843429261;3,01871603944456;682,654910444757
"12070";293;51,5044709897611;15090,81;"12";"120";"Prignitz";2015;33489;949431;129674;28350,5330108394;8,74914150915226;450,619905043447
"12071";448;403,457053571429;180748,76;"12";"120";"Spree-Neiße";2015;51296;1591686;226041;31029,4369931379;8,73362445414847;3523,64238927012
"12072";300;132,393623333333;39718,087;"12";"120";"Teltow-Fläming";2015;77046;2549704;383036;33093,268956208;3,89377774316642;515,511343872492
"12073";288;124,447545138889;35840,893;"12";"120";"Uckermark";2015;50268;1463201;205930;29108,0011140288;5,72929100023872;712,996200366038
"13003";230;18,9883304347826;4367,316;"13";"130";"Rostock";2015;97833;2901453;452067;29657,2015577566;2,35094497766602;44,6405200699151
"13004";53;87,1984716981132;4621,519;"13";"130";"Schwerin";2015;44157;1402161;222237;31753,9914396358;1,20026269900582;104,66107298956
"13071";494;179,569060728745;88707,116;"13";"130";"Mecklenburgische Seenplatte";2015;112581;3373351;481858;29963,7683090397;4,38795178582532;787,940380703671
"13072";336;172,732077380952;58037,978;"13";"130";"Landkreis Rostock";2015;93589;3144972;484173;33604,0774022588;3,59016551090406;620,136746839906
"13073";344;164,833151162791;56702,604;"13";"130";"Vorpommern-Rügen";2015;98615;2897449;415772;29381,4227044567;3,48831313694671;574,989646605486
"13074";264;113,928299242424;30077,071;"13";"130";"Nordwestmecklenburg";2015;69703;2215045;325270;31778,3309183249;3,78749838600921;431,503249501456
"13075";420;154,819092857143;65024,019;"13";"130";"Vorpommern-Greifswald";2015;100220;2928555;420639;29221,263220914;4,19078028337657;648,812801835961
"13076";544;139,201183823529;75725,444;"13";"130";"Ludwigslust-Parchim";2015;95375;2991849;417639;31369,3211009174;5,70380078636959;793,975821756226
"14511";171;48,9139415204678;8364,284;"14";"145";"Chemnitz, Stadt";2015;111677;3365230;502255;30133,5995773525;1,5312015903006;74,8971050440109
"14521";581;46,6723270223752;27116,622;"14";"145";"Erzgebirgskreis";2015;151064;4418125;573012;29246,710003707;3,84605200444845;179,50419689668
"14522";777;86,3386512226512;67085,132;"14";"145";"Mittelsachsen";2015;138858;4183719;573141;30129,4775958173;5,59564447133042;483,120396376154
"14523";503;61,3484035785288;30858,247;"14";"145";"Vogtlandkreis";2015;101430;2973658;400761;29317,3420092675;4,95908508330869;304,231953071084
"14524";502;38,4660537848606;19309,959;"14";"145";"Zwickau";2015;143193;4508388;649922;31484,6954809243;3,50575796302892;134,852674362574
"14612";192;19,131171875;3673,185;"14";"146";"Dresden, Stadt";2015;263993;8596069;1415186;32561,7308034683;0,727292011530609;13,9139484759066
"14625";520;174,907817307692;90952,065;"14";"146";"Bautzen";2015;135904;4158749;578050;30600,6372145044;3,82623028019779;669,237586825995
"14626";314;169,108382165605;53100,032;"14";"146";"Görlitz";2015;109785;3022782;395117;27533,6521382703;2,860135719816;483,672924352143
"14627";343;56,1110262390671;19246,082;"14";"146";"Meißen";2015;108461;3599174;548905;33184,0385023188;3,16242704751016;177,447027041978
"14628";406;36,3332807881773;14751,312;"14";"146";"Sächsische Schweiz-Osterzgebirge";2015;110470;3469804;489811;31409,4686340183;3,67520593826378;133,532289309315
"14713";287;108,159843205575;31041,875;"14";"147";"Leipzig, Stadt";2015;274318;8302500;1354833;30265,9686932684;1,04623101655743;113,16018270766
"14729";639;88,7225477308294;56693,708;"14";"147";"Leipzig";2015;117221;4001431;629338;34135,786249904;5,45124167171411;483,648049410942
"14730";589;192,945767402377;113645,057;"14";"147";"Nordsachsen";2015;88845;2745324;389379;30900,1519500253;6,62952332714278;1279,13846586752
"15001";75;162,673053333333;12200,479;"15";"150";"Dessau-Roßlau, Stadt";2015;35856;1114826;165157;31091,755912539;2,09170013386881;340,263247434181
"15002";88;80,3569886363636;7071,415;"15";"150";"Halle (Saale), Stadt";2015;107344;3134799;493782;29203,2996720823;0,81979430615591;65,8762017439261
"15003";325;41,2028615384615;13390,93;"15";"150";"Magdeburg, Landeshauptstadt";2015;109267;3353891;533135;30694,4548674348;2,97436554494953;122,552371713326
"15081";231;57,5070822510823;13284,136;"15";"150";"Altmarkkreis Salzwedel";2015;38867;1196283;165261;30778,8869735251;5,94334525432887;341,784444387269
"15082";360;168,165047222222;60539,417;"15";"150";"Anhalt-Bitterfeld";2015;73121;2121720;289815;29016,5615896938;4,92334623432393;827,934751986434
"15083";350;139,536851428571;48837,898;"15";"150";"Börde";2015;79355;2683048;400789;33810,6987587424;4,41056014113792;615,435675130742
"15084";423;143,797865248227;60826,497;"15";"150";"Burgenlandkreis";2015;80645;2350604;319162;29147,5478950958;5,24521049042098;754,250071300143
"15085";390;101,553451282051;39605,846;"15";"150";"Harz";2015;96422;2944214;418882;30534,6705108793;4,04472008462799;410,755284063803
"15086";189;97,4933968253968;18426,252;"15";"150";"Jerichower Land";2015;40814;1322185;198070;32395,3790366051;4,63076395354535;451,46890772774
"15087";451;206,614988913526;93183,36;"15";"150";"Mansfeld-Südharz";2015;57622;1639058;217033;28445,0036444414;7,82687168095519;1617,14900558814
"15088";452;157,720630530973;71289,725;"15";"150";"Saalekreis";2015;84684;2766054;408218;32663,2421708942;5,33748996268481;841,832282367389
"15089";422;135,737390995261;57281,179;"15";"150";"Salzlandkreis";2015;82178;2422388;335011;29477,3296989462;5,13519433425004;697,037881184745
"15090";205;194,49003902439;39870,458;"15";"150";"Stendal";2015;48766;1450547;199806;29745,0477791904;4,20374851330845;817,587212402083
"15091";269;100,932078066914;27150,729;"15";"150";"Wittenberg";2015;57702;1706894;236168;29581,1930262383;4,66188347024367;470,533586357492
"16051";369;60,2718753387534;22240,322;"16";"160";"Erfurt, Stadt";2015;103378;3315817;538553;32074,6870707501;3,56942482926735;215,135928340653
"16052";191;90,5135183246073;17288,082;"16";"160";"Gera, Stadt";2015;43181;1265857;181116;29315,1386026262;4,42324170352701;400,36316898636
"16053";134;109,111932835821;14620,999;"16";"160";"Jena, Stadt";2015;52072;1767503;313364;33943,4436933477;2,57335996312798;280,78427945921
"16054";89;18,7220674157303;1666,264;"16";"160";"Suhl, Stadt";2015;17078;574378;100002;33632,6267712847;5,21138306593278;97,5678650895889
"16055";55;151,677363636364;8342,255;"16";"160";"Weimar, Stadt";2015;29899;963322;158930;32219,2046556741;1,8395264055654;279,014515535637
"16056";82;83,5587926829268;6851,821;"16";"160";"Eisenach, Stadt";2015;19561;614530;93919;31416,0830223404;4,19201472317366;350,279689177445
"16061";251;56,6651952191235;14222,964;"16";"160";"Eichsfeld";2015;44267;1428224;191767;32263,8534348386;5,67013802606908;321,29947816658
"16062";169;89,5306804733728;15130,685;"16";"160";"Nordhausen";2015;36475;1088827;150403;29851,322823852;4,63331048663468;414,823440712817
"16063";332;58,761484939759;19508,813;"16";"160";"Wartburgkreis";2015;56627;1840271;255540;32498,1192717255;5,86292757871687;344,514330619669
"16064";274;66,9743613138686;18350,975;"16";"160";"Unstrut-Hainich-Kreis";2015;45450;1375899;189265;30272,8052805281;6,02860286028603;403,761826182618
"16065";166;112,735162650602;18714,037;"16";"160";"Kyffhäuserkreis";2015;32309;935884;122592;28966,6656349624;5,13788727599121;579,22055773933
"16066";396;80,2249090909091;31769,064;"16";"160";"Schmalkalden-Meiningen";2015;57894;1771738;244180;30603,1367671952;6,84008705565344;548,745362213701
"16067";374;123,537628342246;46203,073;"16";"160";"Gotha";2015;62894;1922651;272268;30569,7045823131;5,94651318090756;734,618135275225
"16068";123;68,5399512195122;8430,414;"16";"160";"Sömmerda";2015;31622;981988;136052;31053,9497817975;3,88969704636013;266,599645816204
"16069";157;139,447993630573;21893,335;"16";"160";"Hildburghausen";2015;30738;927071;123440;30160,4203266315;5,10768429956406;712,256327672588
"16070";225;32,7832222222222;7376,225;"16";"160";"Ilm-Kreis";2015;49724;1520562;221566;30580,0418309066;4,52497787788593;148,343355321374
"16071";268;98,8701492537313;26497,2;"16";"160";"Weimarer Land";2015;37595;1203899;177207;32022,8487830829;7,12860752759675;704,806490224764
"16072";87;38,3492643678161;3336,386;"16";"160";"Sonneberg";2015;26581;790210;104519;29728,3774124375;3,27301455927166;125,51770061322
"16073";161;19,5597142857143;3149,114;"16";"160";"Saalfeld-Rudolstadt";2015;49617;1474757;207550;29722,8167765081;3,24485559384888;63,4684483140859
"16074";213;78,3409530516432;16686,623;"16";"160";"Saale-Holzland-Kreis";2015;38258;1193615;170913;31199,0956139892;5,56746301427152;436,160358617805
"16075";177;162,569039548023;28774,72;"16";"160";"Saale-Orla-Kreis";2015;38308;1082819;139685;28266,132400543;4,62044481570429;751,141275973687
"16076";203;198,497512315271;40294,995;"16";"160";"Greiz";2015;45526;1347805;181675;29605,1706717041;4,4589904669859;885,098515134209
"16077";259;228,530378378378;59189,368;"16";"160";"Altenburger Land";2015;39894;1149074;151923;28803,1784228205;6,49220434150499;1483,66591467389
